{"stat.pickup.minecraft.pumpkin":13,"stat.pickup.minecraft.double_plant":2,"stat.walkOneCm":57162,"stat.pickup.minecraft.bone":1,"stat.leaveGame":3,"stat.pickup.minecraft.arrow":2,"stat.pickup.minecraft.crafting_table":3,"stat.craftItem.minecraft.crafting_table":3,"stat.mineBlock.minecraft.double_plant":7,"stat.pickup.minecraft.log":46,"stat.pickup.minecraft.string":1,"stat.jump":843,"stat.swimOneCm":193,"stat.fallOneCm":21016,"stat.useItem.minecraft.planks":2,"stat.pickup.minecraft.chicken":7,"stat.pickup.minecraft.spider_eye":1,"stat.pickup.minecraft.sapling":5,"stat.pickup.minecraft.dirt":1,"stat.useItem.minecraft.dirt":1,"stat.sprintOneCm":88780,"stat.craftItem.minecraft.stick":8,"stat.craftingTableInteraction":9,"stat.entityKilledBy.Spider":1,"stat.craftItem.minecraft.planks":152,"stat.killEntity.Chicken":7,"stat.damageTaken":971,"stat.killEntity.Spider":1,"stat.mineBlock.minecraft.crafting_table":3,"stat.pickup.minecraft.feather":3,"stat.mobKills":10,"stat.craftItem.minecraft.wooden_sword":1,"stat.mineBlock.minecraft.log":48,"stat.pickup.minecraft.planks":20,"stat.flyOneCm":177221,"stat.mineBlock.minecraft.planks":2,"stat.deaths":4,"stat.pickup.minecraft.wheat_seeds":3,"stat.mineBlock.minecraft.leaves":10,"stat.playOneMinute":48795,"stat.entityKilledBy.Zombie":2,"stat.useItem.minecraft.wooden_sword":16,"stat.killEntity.Sheep":2,"stat.sneakTime":33,"stat.pickup.minecraft.wool":2,"stat.damageDealt":628,"stat.timeSinceDeath":11447,"stat.mineBlock.minecraft.dirt":1,"stat.useItem.minecraft.crafting_table":4,"stat.craftItem.minecraft.wooden_pickaxe":1,"stat.mineBlock.minecraft.tallgrass":18,"stat.pickup.minecraft.mutton":2}