{"stat.pickup.minecraft.wooden_slab":4,"stat.leaveGame":16,"stat.craftItem.minecraft.iron_axe":2,"stat.useItem.minecraft.planks":95,"stat.craftItem.minecraft.shield":1,"stat.drop.minecraft.bowl":2,"stat.pickup.minecraft.porkchop":24,"stat.drop.minecraft.iron_sword":1,"stat.useItem.minecraft.water_bucket":8,"stat.mineBlock.minecraft.red_mushroom":11,"stat.pickup.minecraft.rotten_flesh":35,"stat.pickup.minecraft.sand":58,"stat.entityKilledBy.Spider":1,"stat.craftItem.minecraft.stone_axe":1,"stat.pickup.minecraft.bucket":1,"stat.craftItem.minecraft.iron_shovel":9,"stat.pickup.minecraft.brown_mushroom":11,"stat.mineBlock.minecraft.sand":75,"stat.drop.minecraft.sand":2,"stat.useItem.minecraft.iron_pickaxe":481,"stat.craftItem.minecraft.wooden_pickaxe":1,"stat.useItem.minecraft.iron_shovel":1370,"stat.pickup.minecraft.double_plant":10,"stat.craftItem.minecraft.bed":1,"stat.craftItem.minecraft.glass_pane":16,"stat.furnaceInteraction":117,"stat.drop.minecraft.gravel":4,"stat.killEntity.ZombieVillager":1,"stat.drop.minecraft.red_flower":1,"stat.useItem.minecraft.cooked_mutton":22,"stat.pickup.minecraft.furnace":8,"stat.useItem.minecraft.trapdoor":6,"stat.pickup.minecraft.iron_chestplate":5,"stat.useItem.minecraft.wheat_seeds":115,"stat.useItem.minecraft.dye":36,"stat.deaths":6,"stat.pickup.minecraft.bowl":2,"stat.pickup.minecraft.egg":3,"stat.playOneMinute":527542,"stat.drop.minecraft.string":1,"stat.craftItem.minecraft.iron_pickaxe":3,"stat.useItem.minecraft.shears":126,"stat.drop.minecraft.iron_ingot":9,"stat.mineBlock.minecraft.tallgrass":284,"stat.craftItem.minecraft.cooked_mutton":76,"stat.pickup.minecraft.cooked_mutton":54,"stat.chestOpened":125,"stat.pickup.minecraft.pumpkin":13,"stat.craftItem.minecraft.mushroom_stew":3,"stat.useItem.minecraft.stone":4,"stat.pickup.minecraft.arrow":30,"stat.pickup.minecraft.iron_sword":3,"stat.drop.minecraft.iron_pickaxe":1,"stat.craftItem.minecraft.iron_hoe":1,"stat.pickup.minecraft.cooked_chicken":2,"stat.fallOneCm":159013,"stat.drop.minecraft.stone":20,"stat.drop.minecraft.dye":3,"stat.crouchOneCm":27911,"stat.craftItem.minecraft.iron_ingot":105,"stat.craftItem.minecraft.chest":4,"stat.pickup.minecraft.red_mushroom":12,"stat.useItem.minecraft.iron_hoe":88,"stat.craftingTableInteraction":94,"stat.drop.minecraft.double_plant":4,"stat.pickup.minecraft.feather":44,"stat.drop.minecraft.bone":2,"stat.useItem.minecraft.furnace":12,"stat.useItem.minecraft.reeds":11,"stat.craftItem.minecraft.wooden_sword":1,"stat.pickup.minecraft.dye":90,"stat.pickup.minecraft.planks":35,"stat.pickup.minecraft.iron_leggings":2,"stat.pickup.minecraft.wheat_seeds":129,"stat.mineBlock.minecraft.gravel":4,"stat.useItem.minecraft.stone_pickaxe":400,"stat.breakItem.minecraft.stone_axe":1,"stat.craftItem.minecraft.iron_leggings":1,"stat.mineBlock.minecraft.dirt":1355,"stat.drop.minecraft.iron_axe":1,"stat.useItem.minecraft.torch":43,"stat.useItem.minecraft.bread":6,"stat.drop.minecraft.rotten_flesh":14,"stat.pickup.minecraft.crafting_table":19,"stat.useItem.minecraft.log":45,"stat.useItem.minecraft.cobblestone":136,"stat.craftItem.minecraft.crafting_table":5,"stat.mineBlock.minecraft.double_plant":75,"stat.pickup.minecraft.iron_hoe":1,"stat.pickup.minecraft.log":276,"stat.drop.minecraft.stonebrick":53,"stat.pickup.minecraft.iron_pickaxe":3,"stat.craftItem.minecraft.gold_ingot":9,"stat.drop.minecraft.planks":4,"stat.drop.minecraft.sapling":5,"stat.pickup.minecraft.chicken":29,"stat.pickup.minecraft.sapling":46,"stat.pickup.minecraft.wooden_door":8,"stat.useItem.minecraft.glass_pane":12,"stat.craftItem.minecraft.bucket":3,"stat.craftItem.minecraft.planks":448,"stat.useItem.minecraft.iron_sword":303,"stat.useItem.minecraft.stonebrick":211,"stat.mineBlock.minecraft.log":240,"stat.craftItem.minecraft.wooden_door":3,"stat.craftItem.minecraft.cooked_chicken":11,"stat.useItem.minecraft.wooden_door":5,"stat.pickup.minecraft.red_flower":1,"stat.sneakTime":7094,"stat.pickup.minecraft.wool":115,"stat.drop.minecraft.bucket":1,"stat.drop.minecraft.yellow_flower":1,"stat.pickup.minecraft.yellow_flower":4,"stat.pickup.minecraft.bone":15,"stat.useItem.minecraft.mushroom_stew":3,"stat.useItem.minecraft.iron_axe":141,"stat.mineBlock.minecraft.cobblestone":31,"stat.craftItem.minecraft.stone_brick_stairs":12,"stat.mineBlock.minecraft.brown_mushroom":9,"stat.craftItem.minecraft.wool":3,"stat.swimOneCm":54211,"stat.mineBlock.minecraft.spruce_stairs":23,"stat.drop.minecraft.cobblestone":9,"stat.drop.minecraft.brown_mushroom":2,"stat.useItem.minecraft.dirt":608,"stat.pickup.minecraft.iron_boots":2,"stat.craftItem.minecraft.furnace":4,"stat.craftItem.minecraft.iron_boots":1,"stat.useItem.minecraft.iron_ore":1,"stat.craftItem.minecraft.trapdoor":4,"stat.craftItem.minecraft.stone_pickaxe":3,"stat.pickup.minecraft.cobblestone":1177,"stat.flyOneCm":1369435,"stat.drop.minecraft.wheat_seeds":2,"stat.craftItem.minecraft.wooden_slab":6,"stat.pickup.minecraft.redstone":46,"stat.mineBlock.minecraft.iron_ore":106,"stat.timeSinceDeath":11050,"stat.useItem.minecraft.wooden_slab":2,"stat.pickup.minecraft.mutton":89,"stat.craftItem.minecraft.stonebrick":344,"stat.pickup.minecraft.stonebrick":80,"stat.drop.minecraft.dirt":103,"stat.useItem.minecraft.cooked_porkchop":17,"stat.pickup.minecraft.iron_shovel":2,"stat.pickup.minecraft.trapdoor":2,"stat.mineBlock.minecraft.coal_ore":210,"stat.drop.minecraft.wool":1,"stat.killEntity.Creeper":2,"stat.breakItem.minecraft.iron_sword":1,"stat.pickup.minecraft.string":4,"stat.sprintOneCm":1009522,"stat.craftItem.minecraft.stick":64,"stat.useItem.minecraft.bed":10,"stat.craftItem.minecraft.stone":350,"stat.mineBlock.minecraft.crafting_table":14,"stat.useItem.minecraft.bucket":10,"stat.entityKilledBy.Creeper":1,"stat.mineBlock.minecraft.planks":15,"stat.drop":52,"stat.useItem.minecraft.wooden_sword":44,"stat.killEntity.Sheep":58,"stat.breakItem.minecraft.iron_shovel":5,"stat.killEntity.Zombie":11,"stat.craftItem.minecraft.dye":40,"stat.mineBlock.minecraft.gold_ore":5,"stat.diveOneCm":33056,"stat.pickup.minecraft.wheat":50,"stat.pickup.minecraft.gravel":14,"stat.craftItem.minecraft.cooked_porkchop":38,"stat.pickup.minecraft.stone_axe":1,"stat.drop.minecraft.cooked_porkchop":3,"stat.jump":7936,"stat.pickup.minecraft.coal":385,"stat.pickup.minecraft.iron_helmet":1,"stat.pickup.minecraft.iron_ingot":13,"stat.useItem.minecraft.stone_axe":132,"stat.drop.minecraft.wooden_sword":1,"stat.craftItem.minecraft.bread":6,"stat.pickup.minecraft.gunpowder":12,"stat.pickup.minecraft.spider_eye":2,"stat.craftItem.minecraft.torch":56,"stat.pickup.minecraft.dirt":1670,"stat.craftItem.minecraft.iron_helmet":1,"stat.drop.minecraft.iron_shovel":2,"stat.useItem.minecraft.cooked_chicken":7,"stat.pickup.minecraft.iron_ore":124,"stat.pickup.minecraft.gold_ore":10,"stat.useItem.minecraft.sapling":1,"stat.mineBlock.minecraft.lapis_ore":6,"stat.pickup.minecraft.iron_axe":2,"stat.pickup.minecraft.leaves":94,"stat.mineBlock.minecraft.glass_pane":12,"stat.damageTaken":3648,"stat.useItem.minecraft.stone_brick_stairs":12,"stat.mineBlock.minecraft.furnace":7,"stat.mineBlock.minecraft.torch":13,"stat.mineBlock.minecraft.red_flower":4,"stat.useItem.minecraft.wooden_pickaxe":60,"stat.mineBlock.minecraft.sapling":1,"stat.pickup.minecraft.reeds":17,"stat.pickup.minecraft.bed":10,"stat.entityKilledBy.Zombie":2,"stat.damageDealt":14980,"stat.drop.minecraft.cooked_chicken":6,"stat.craftItem.minecraft.glass":56,"stat.sleepInBed":18,"stat.craftItem.minecraft.bowl":4,"stat.useItem.minecraft.crafting_table":15,"stat.killEntity.Pig":12,"stat.craftItem.minecraft.iron_sword":2,"stat.walkOneCm":1233617,"stat.animalsBred":12,"stat.useItem.minecraft.chest":4,"stat.pickup.minecraft.stick":5,"stat.breakItem.minecraft.stone_pickaxe":3,"stat.drop.minecraft.iron_chestplate":1,"stat.pickup.minecraft.stone":133,"stat.useItem.minecraft.spruce_stairs":45,"stat.craftItem.minecraft.iron_chestplate":1,"stat.useItem.minecraft.leaves":94,"stat.killEntity.Skeleton":15,"stat.mineBlock.minecraft.stonebrick":9,"stat.killEntity.Chicken":29,"stat.killEntity.Spider":6,"stat.mobKills":137,"stat.craftItem.minecraft.shears":1,"stat.breakItem.minecraft.iron_axe":1,"stat.mineBlock.minecraft.leaves":189,"stat.pickup.minecraft.torch":83,"stat.pickup.minecraft.spruce_stairs":26,"stat.mineBlock.minecraft.redstone_ore":5,"stat.craftItem.minecraft.spruce_stairs":16,"stat.mineBlock.minecraft.stone":546,"stat.breakItem.minecraft.wooden_pickaxe":1}