{"stat.walkOneCm":17973,"stat.leaveGame":3,"stat.craftItem.minecraft.crafting_table":1,"stat.mineBlock.minecraft.double_plant":1,"stat.pickup.minecraft.log":19,"stat.jump":251,"stat.fallOneCm":5138,"stat.useItem.minecraft.planks":2,"stat.pickup.minecraft.sapling":1,"stat.pickup.minecraft.dirt":1,"stat.useItem.minecraft.dirt":1,"stat.sprintOneCm":27131,"stat.craftItem.minecraft.stick":4,"stat.craftingTableInteraction":4,"stat.craftItem.minecraft.planks":44,"stat.damageTaken":335,"stat.mineBlock.minecraft.log":20,"stat.pickup.minecraft.planks":3,"stat.flyOneCm":45734,"stat.mineBlock.minecraft.planks":2,"stat.deaths":1,"stat.mineBlock.minecraft.leaves":4,"stat.playOneMinute":24795,"stat.entityKilledBy.Zombie":1,"stat.sneakTime":33,"stat.timeSinceDeath":9884,"stat.mineBlock.minecraft.dirt":1,"stat.useItem.minecraft.crafting_table":1}