{"stat.pickup.minecraft.wooden_slab":4,"stat.leaveGame":20,"stat.drop.minecraft.gunpowder":6,"stat.craftItem.minecraft.iron_axe":2,"stat.useItem.minecraft.planks":128,"stat.craftItem.minecraft.shield":1,"stat.drop.minecraft.bowl":2,"stat.pickup.minecraft.porkchop":24,"stat.drop.minecraft.iron_sword":1,"stat.useItem.minecraft.water_bucket":17,"stat.mineBlock.minecraft.red_mushroom":11,"stat.pickup.minecraft.rotten_flesh":48,"stat.pickup.minecraft.sand":58,"stat.entityKilledBy.Spider":1,"stat.craftItem.minecraft.stone_axe":1,"stat.pickup.minecraft.bucket":1,"stat.mineBlock.minecraft.wooden_slab":1,"stat.craftItem.minecraft.iron_shovel":9,"stat.pickup.minecraft.brown_mushroom":11,"stat.mineBlock.minecraft.sand":75,"stat.drop.minecraft.sand":2,"stat.useItem.minecraft.iron_pickaxe":1079,"stat.drop.minecraft.diamond":1,"stat.craftItem.minecraft.wooden_pickaxe":1,"stat.useItem.minecraft.iron_shovel":1430,"stat.pickup.minecraft.double_plant":10,"stat.craftItem.minecraft.bed":1,"stat.craftItem.minecraft.glass_pane":16,"stat.furnaceInteraction":151,"stat.drop.minecraft.gravel":5,"stat.killEntity.ZombieVillager":1,"stat.drop.minecraft.red_flower":1,"stat.useItem.minecraft.cooked_mutton":42,"stat.pickup.minecraft.furnace":8,"stat.useItem.minecraft.trapdoor":9,"stat.pickup.minecraft.iron_chestplate":5,"stat.useItem.minecraft.flint_and_steel":2,"stat.useItem.minecraft.wheat_seeds":208,"stat.useItem.minecraft.dye":57,"stat.deaths":6,"stat.pickup.minecraft.bowl":2,"stat.pickup.minecraft.egg":10,"stat.playOneMinute":669497,"stat.drop.minecraft.string":1,"stat.craftItem.minecraft.iron_pickaxe":5,"stat.useItem.minecraft.shears":158,"stat.drop.minecraft.iron_ingot":9,"stat.mineBlock.minecraft.tallgrass":302,"stat.craftItem.minecraft.cooked_mutton":106,"stat.pickup.minecraft.cooked_mutton":56,"stat.chestOpened":165,"stat.pickup.minecraft.pumpkin":13,"stat.craftItem.minecraft.mushroom_stew":3,"stat.useItem.minecraft.stone":4,"stat.pickup.minecraft.arrow":37,"stat.pickup.minecraft.iron_sword":3,"stat.drop.minecraft.iron_pickaxe":1,"stat.craftItem.minecraft.iron_hoe":1,"stat.pickup.minecraft.cooked_chicken":2,"stat.fallOneCm":206151,"stat.drop.minecraft.stone":28,"stat.drop.minecraft.dye":3,"stat.crouchOneCm":35244,"stat.craftItem.minecraft.iron_ingot":324,"stat.craftItem.minecraft.chest":4,"stat.pickup.minecraft.red_mushroom":12,"stat.useItem.minecraft.iron_hoe":88,"stat.craftingTableInteraction":102,"stat.drop.minecraft.double_plant":4,"stat.pickup.minecraft.feather":44,"stat.drop.minecraft.bone":2,"stat.useItem.minecraft.furnace":12,"stat.useItem.minecraft.reeds":45,"stat.craftItem.minecraft.wooden_sword":1,"stat.pickup.minecraft.dye":151,"stat.pickup.minecraft.planks":53,"stat.pickup.minecraft.iron_leggings":2,"stat.pickup.minecraft.wheat_seeds":252,"stat.mineBlock.minecraft.gravel":16,"stat.useItem.minecraft.stone_pickaxe":400,"stat.breakItem.minecraft.stone_axe":1,"stat.mineBlock.minecraft.glass":14,"stat.craftItem.minecraft.iron_leggings":1,"stat.mineBlock.minecraft.dirt":1418,"stat.drop.minecraft.iron_axe":2,"stat.useItem.minecraft.torch":251,"stat.useItem.minecraft.bread":6,"stat.drop.minecraft.rotten_flesh":29,"stat.pickup.minecraft.crafting_table":19,"stat.useItem.minecraft.log":213,"stat.useItem.minecraft.cobblestone":170,"stat.craftItem.minecraft.crafting_table":5,"stat.mineBlock.minecraft.double_plant":75,"stat.pickup.minecraft.iron_hoe":2,"stat.pickup.minecraft.log":363,"stat.drop.minecraft.stonebrick":53,"stat.pickup.minecraft.iron_pickaxe":3,"stat.craftItem.minecraft.gold_ingot":78,"stat.drop.minecraft.planks":4,"stat.drop.minecraft.sapling":5,"stat.pickup.minecraft.chicken":30,"stat.pickup.minecraft.sapling":46,"stat.pickup.minecraft.wooden_door":8,"stat.useItem.minecraft.glass_pane":12,"stat.craftItem.minecraft.bucket":4,"stat.craftItem.minecraft.planks":488,"stat.useItem.minecraft.iron_sword":387,"stat.useItem.minecraft.stonebrick":291,"stat.mineBlock.minecraft.log":330,"stat.craftItem.minecraft.wooden_door":3,"stat.craftItem.minecraft.cooked_chicken":28,"stat.useItem.minecraft.wooden_door":5,"stat.pickup.minecraft.red_flower":1,"stat.sneakTime":10655,"stat.pickup.minecraft.wool":130,"stat.drop.minecraft.bucket":1,"stat.drop.minecraft.yellow_flower":1,"stat.pickup.minecraft.yellow_flower":4,"stat.pickup.minecraft.bone":27,"stat.useItem.minecraft.mushroom_stew":3,"stat.useItem.minecraft.iron_axe":257,"stat.mineBlock.minecraft.cobblestone":34,"stat.pickup.minecraft.flint":1,"stat.craftItem.minecraft.stone_brick_stairs":12,"stat.mineBlock.minecraft.brown_mushroom":9,"stat.craftItem.minecraft.wool":3,"stat.swimOneCm":100118,"stat.mineBlock.minecraft.spruce_stairs":28,"stat.drop.minecraft.cobblestone":9,"stat.drop.minecraft.brown_mushroom":2,"stat.breakItem.minecraft.iron_pickaxe":3,"stat.useItem.minecraft.dirt":750,"stat.pickup.minecraft.iron_boots":2,"stat.craftItem.minecraft.furnace":4,"stat.craftItem.minecraft.iron_boots":1,"stat.useItem.minecraft.iron_ore":1,"stat.craftItem.minecraft.trapdoor":6,"stat.craftItem.minecraft.stone_pickaxe":3,"stat.pickup.minecraft.cobblestone":1283,"stat.flyOneCm":1947546,"stat.drop.minecraft.wheat_seeds":2,"stat.craftItem.minecraft.wooden_slab":6,"stat.pickup.minecraft.redstone":54,"stat.mineBlock.minecraft.iron_ore":279,"stat.timeSinceDeath":153005,"stat.useItem.minecraft.wooden_slab":2,"stat.pickup.minecraft.mutton":89,"stat.killEntity.Bat":1,"stat.craftItem.minecraft.stonebrick":448,"stat.pickup.minecraft.stonebrick":108,"stat.drop.minecraft.dirt":103,"stat.useItem.minecraft.cooked_porkchop":21,"stat.pickup.minecraft.iron_shovel":2,"stat.pickup.minecraft.trapdoor":5,"stat.mineBlock.minecraft.coal_ore":336,"stat.drop.minecraft.wool":1,"stat.killEntity.Creeper":2,"stat.breakItem.minecraft.iron_sword":1,"stat.pickup.minecraft.string":4,"stat.sprintOneCm":1354734,"stat.craftItem.minecraft.stick":112,"stat.useItem.minecraft.bed":10,"stat.craftItem.minecraft.stone":478,"stat.mineBlock.minecraft.diamond_ore":8,"stat.mineBlock.minecraft.crafting_table":14,"stat.useItem.minecraft.bucket":19,"stat.entityKilledBy.Creeper":1,"stat.mineBlock.minecraft.planks":33,"stat.drop":62,"stat.useItem.minecraft.wooden_sword":44,"stat.killEntity.Sheep":59,"stat.breakItem.minecraft.iron_shovel":5,"stat.craftItem.minecraft.diamond_pickaxe":1,"stat.killEntity.Zombie":27,"stat.craftItem.minecraft.dye":61,"stat.mineBlock.minecraft.gold_ore":56,"stat.diveOneCm":56705,"stat.pickup.minecraft.wheat":128,"stat.pickup.minecraft.gravel":20,"stat.craftItem.minecraft.cooked_porkchop":38,"stat.pickup.minecraft.stone_axe":1,"stat.drop.minecraft.cooked_porkchop":3,"stat.jump":10596,"stat.pickup.minecraft.coal":505,"stat.pickup.minecraft.iron_helmet":1,"stat.pickup.minecraft.iron_ingot":13,"stat.useItem.minecraft.stone_axe":132,"stat.drop.minecraft.wooden_sword":1,"stat.craftItem.minecraft.bread":6,"stat.pickup.minecraft.gunpowder":12,"stat.pickup.minecraft.spider_eye":2,"stat.craftItem.minecraft.torch":228,"stat.pickup.minecraft.dirt":1760,"stat.craftItem.minecraft.iron_helmet":1,"stat.drop.minecraft.iron_shovel":2,"stat.useItem.minecraft.cooked_chicken":7,"stat.pickup.minecraft.iron_ore":297,"stat.useItem.minecraft.glass":14,"stat.pickup.minecraft.gold_ore":60,"stat.useItem.minecraft.sapling":1,"stat.mineBlock.minecraft.lapis_ore":22,"stat.craftItem.minecraft.flint_and_steel":1,"stat.pickup.minecraft.iron_axe":3,"stat.pickup.minecraft.leaves":126,"stat.mineBlock.minecraft.glass_pane":12,"stat.damageTaken":4631,"stat.drop.minecraft.iron_hoe":1,"stat.useItem.minecraft.stone_brick_stairs":12,"stat.mineBlock.minecraft.furnace":7,"stat.mineBlock.minecraft.torch":16,"stat.mineBlock.minecraft.red_flower":4,"stat.useItem.minecraft.wooden_pickaxe":60,"stat.mineBlock.minecraft.sapling":1,"stat.pickup.minecraft.reeds":85,"stat.pickup.minecraft.bed":10,"stat.entityKilledBy.Zombie":2,"stat.damageDealt":18434,"stat.drop.minecraft.cooked_chicken":6,"stat.craftItem.minecraft.glass":56,"stat.sleepInBed":24,"stat.craftItem.minecraft.bowl":4,"stat.craftItem.minecraft.baked_potato":1,"stat.useItem.minecraft.crafting_table":18,"stat.killEntity.Pig":12,"stat.craftItem.minecraft.iron_sword":2,"stat.walkOneCm":1585374,"stat.animalsBred":55,"stat.useItem.minecraft.chest":4,"stat.pickup.minecraft.stick":5,"stat.breakItem.minecraft.stone_pickaxe":3,"stat.drop.minecraft.iron_chestplate":1,"stat.pickup.minecraft.stone":156,"stat.useItem.minecraft.spruce_stairs":45,"stat.craftItem.minecraft.iron_chestplate":1,"stat.useItem.minecraft.leaves":102,"stat.drop.minecraft.wooden_slab":4,"stat.killEntity.Skeleton":20,"stat.mineBlock.minecraft.stonebrick":37,"stat.killEntity.Chicken":30,"stat.killEntity.Spider":7,"stat.mobKills":162,"stat.craftItem.minecraft.shears":1,"stat.breakItem.minecraft.iron_axe":1,"stat.pickup.minecraft.diamond":8,"stat.mineBlock.minecraft.leaves":221,"stat.pickup.minecraft.torch":111,"stat.pickup.minecraft.spruce_stairs":31,"stat.mineBlock.minecraft.redstone_ore":13,"stat.craftItem.minecraft.spruce_stairs":16,"stat.mineBlock.minecraft.stone":729,"stat.breakItem.minecraft.wooden_pickaxe":1}