{"stat.pickup.minecraft.bone":3,"stat.leaveGame":10,"stat.mineBlock.minecraft.cobblestone":11,"stat.mineBlock.minecraft.brown_mushroom":1,"stat.craftItem.minecraft.wool":3,"stat.swimOneCm":18375,"stat.useItem.minecraft.planks":2,"stat.drop.minecraft.cobblestone":9,"stat.drop.minecraft.brown_mushroom":1,"stat.useItem.minecraft.dirt":26,"stat.pickup.minecraft.iron_boots":1,"stat.pickup.minecraft.rotten_flesh":2,"stat.pickup.minecraft.sand":58,"stat.craftItem.minecraft.furnace":4,"stat.entityKilledBy.Spider":1,"stat.craftItem.minecraft.stone_axe":1,"stat.craftItem.minecraft.iron_boots":1,"stat.useItem.minecraft.iron_ore":1,"stat.craftItem.minecraft.stone_pickaxe":3,"stat.pickup.minecraft.cobblestone":1030,"stat.flyOneCm":383026,"stat.craftItem.minecraft.iron_shovel":1,"stat.pickup.minecraft.brown_mushroom":1,"stat.mineBlock.minecraft.sand":75,"stat.drop.minecraft.wheat_seeds":2,"stat.drop.minecraft.sand":2,"stat.pickup.minecraft.redstone":46,"stat.mineBlock.minecraft.iron_ore":97,"stat.timeSinceDeath":37132,"stat.useItem.minecraft.iron_pickaxe":370,"stat.craftItem.minecraft.wooden_pickaxe":1,"stat.pickup.minecraft.mutton":10,"stat.useItem.minecraft.iron_shovel":162,"stat.pickup.minecraft.double_plant":10,"stat.craftItem.minecraft.bed":1,"stat.furnaceInteraction":43,"stat.drop.minecraft.gravel":4,"stat.drop.minecraft.dirt":17,"stat.mineBlock.minecraft.coal_ore":197,"stat.drop.minecraft.wool":1,"stat.pickup.minecraft.string":1,"stat.useItem.minecraft.cooked_mutton":9,"stat.pickup.minecraft.furnace":8,"stat.sprintOneCm":298928,"stat.pickup.minecraft.iron_chestplate":2,"stat.craftItem.minecraft.stick":28,"stat.useItem.minecraft.bed":3,"stat.mineBlock.minecraft.crafting_table":8,"stat.mineBlock.minecraft.planks":2,"stat.deaths":5,"stat.drop":25,"stat.playOneMinute":177003,"stat.useItem.minecraft.wooden_sword":44,"stat.killEntity.Sheep":4,"stat.craftItem.minecraft.iron_pickaxe":2,"stat.killEntity.Zombie":2,"stat.craftItem.minecraft.dye":7,"stat.drop.minecraft.iron_ingot":9,"stat.mineBlock.minecraft.gold_ore":5,"stat.mineBlock.minecraft.tallgrass":25,"stat.craftItem.minecraft.cooked_mutton":9,"stat.diveOneCm":6911,"stat.pickup.minecraft.cooked_mutton":2,"stat.chestOpened":14,"stat.pickup.minecraft.pumpkin":13,"stat.useItem.minecraft.stone":3,"stat.pickup.minecraft.gravel":4,"stat.pickup.minecraft.arrow":6,"stat.pickup.minecraft.iron_sword":1,"stat.pickup.minecraft.stone_axe":1,"stat.drop.minecraft.iron_pickaxe":1,"stat.jump":2506,"stat.pickup.minecraft.coal":359,"stat.pickup.minecraft.cooked_chicken":2,"stat.fallOneCm":50122,"stat.pickup.minecraft.iron_ingot":13,"stat.drop.minecraft.stone":17,"stat.drop.minecraft.dye":2,"stat.useItem.minecraft.stone_axe":67,"stat.drop.minecraft.wooden_sword":1,"stat.crouchOneCm":6673,"stat.pickup.minecraft.spider_eye":1,"stat.craftItem.minecraft.torch":24,"stat.craftItem.minecraft.iron_ingot":49,"stat.craftItem.minecraft.chest":4,"stat.pickup.minecraft.dirt":233,"stat.useItem.minecraft.cooked_chicken":6,"stat.craftingTableInteraction":60,"stat.pickup.minecraft.iron_ore":114,"stat.pickup.minecraft.gold_ore":10,"stat.useItem.minecraft.sapling":1,"stat.mineBlock.minecraft.lapis_ore":6,"stat.damageTaken":1820,"stat.pickup.minecraft.feather":10,"stat.drop.minecraft.bone":2,"stat.mineBlock.minecraft.furnace":7,"stat.mineBlock.minecraft.torch":11,"stat.mineBlock.minecraft.red_flower":2,"stat.useItem.minecraft.wooden_pickaxe":60,"stat.useItem.minecraft.furnace":11,"stat.mineBlock.minecraft.sapling":1,"stat.craftItem.minecraft.wooden_sword":1,"stat.pickup.minecraft.dye":84,"stat.pickup.minecraft.planks":21,"stat.pickup.minecraft.iron_leggings":1,"stat.pickup.minecraft.reeds":6,"stat.pickup.minecraft.bed":3,"stat.pickup.minecraft.wheat_seeds":5,"stat.entityKilledBy.Zombie":2,"stat.mineBlock.minecraft.gravel":3,"stat.useItem.minecraft.stone_pickaxe":400,"stat.craftItem.minecraft.iron_leggings":1,"stat.damageDealt":1913,"stat.drop.minecraft.cooked_chicken":6,"stat.sleepInBed":3,"stat.mineBlock.minecraft.dirt":115,"stat.useItem.minecraft.crafting_table":10,"stat.craftItem.minecraft.iron_sword":1,"stat.walkOneCm":320373,"stat.useItem.minecraft.torch":34,"stat.useItem.minecraft.chest":4,"stat.pickup.minecraft.stick":2,"stat.pickup.minecraft.crafting_table":10,"stat.useItem.minecraft.cobblestone":127,"stat.craftItem.minecraft.crafting_table":3,"stat.mineBlock.minecraft.double_plant":8,"stat.breakItem.minecraft.stone_pickaxe":3,"stat.pickup.minecraft.log":114,"stat.pickup.minecraft.iron_pickaxe":1,"stat.drop.minecraft.iron_chestplate":1,"stat.craftItem.minecraft.gold_ingot":9,"stat.pickup.minecraft.stone":128,"stat.drop.minecraft.planks":4,"stat.craftItem.minecraft.iron_chestplate":1,"stat.pickup.minecraft.chicken":10,"stat.pickup.minecraft.sapling":13,"stat.pickup.minecraft.wooden_door":2,"stat.killEntity.Skeleton":2,"stat.craftItem.minecraft.planks":188,"stat.useItem.minecraft.iron_sword":9,"stat.killEntity.Chicken":10,"stat.killEntity.Spider":1,"stat.mobKills":20,"stat.mineBlock.minecraft.log":110,"stat.craftItem.minecraft.wooden_door":3,"stat.craftItem.minecraft.cooked_chicken":10,"stat.useItem.minecraft.wooden_door":1,"stat.mineBlock.minecraft.leaves":17,"stat.pickup.minecraft.torch":12,"stat.mineBlock.minecraft.redstone_ore":5,"stat.sneakTime":1843,"stat.pickup.minecraft.wool":12,"stat.mineBlock.minecraft.stone":487,"stat.breakItem.minecraft.wooden_pickaxe":1}