{"stat.pickup.minecraft.pumpkin":13,"stat.pickup.minecraft.bone":3,"stat.useItem.minecraft.stone":3,"stat.leaveGame":3,"stat.pickup.minecraft.gravel":4,"stat.pickup.minecraft.arrow":3,"stat.mineBlock.minecraft.cobblestone":8,"stat.mineBlock.minecraft.brown_mushroom":1,"stat.craftItem.minecraft.wool":3,"stat.drop.minecraft.iron_pickaxe":1,"stat.jump":1990,"stat.swimOneCm":7870,"stat.pickup.minecraft.coal":223,"stat.pickup.minecraft.cooked_chicken":2,"stat.fallOneCm":37756,"stat.useItem.minecraft.planks":2,"stat.pickup.minecraft.iron_ingot":12,"stat.drop.minecraft.stone":17,"stat.drop.minecraft.dye":2,"stat.drop.minecraft.wooden_sword":1,"stat.crouchOneCm":4399,"stat.drop.minecraft.brown_mushroom":1,"stat.pickup.minecraft.spider_eye":1,"stat.craftItem.minecraft.torch":24,"stat.craftItem.minecraft.iron_ingot":25,"stat.pickup.minecraft.dirt":25,"stat.useItem.minecraft.dirt":8,"stat.useItem.minecraft.cooked_chicken":6,"stat.craftingTableInteraction":43,"stat.pickup.minecraft.iron_ore":87,"stat.pickup.minecraft.sand":2,"stat.craftItem.minecraft.furnace":2,"stat.pickup.minecraft.gold_ore":5,"stat.entityKilledBy.Spider":1,"stat.mineBlock.minecraft.lapis_ore":6,"stat.craftItem.minecraft.iron_boots":1,"stat.damageTaken":1450,"stat.pickup.minecraft.feather":5,"stat.useItem.minecraft.iron_ore":1,"stat.craftItem.minecraft.stone_pickaxe":3,"stat.mineBlock.minecraft.furnace":3,"stat.mineBlock.minecraft.torch":7,"stat.useItem.minecraft.wooden_pickaxe":60,"stat.useItem.minecraft.furnace":5,"stat.pickup.minecraft.cobblestone":598,"stat.craftItem.minecraft.wooden_sword":1,"stat.pickup.minecraft.dye":41,"stat.pickup.minecraft.planks":21,"stat.flyOneCm":316951,"stat.pickup.minecraft.bed":1,"stat.pickup.minecraft.wheat_seeds":5,"stat.pickup.minecraft.brown_mushroom":1,"stat.mineBlock.minecraft.sand":2,"stat.entityKilledBy.Zombie":2,"stat.drop.minecraft.wheat_seeds":2,"stat.mineBlock.minecraft.gravel":3,"stat.drop.minecraft.sand":2,"stat.useItem.minecraft.stone_pickaxe":400,"stat.craftItem.minecraft.iron_leggings":1,"stat.damageDealt":1854,"stat.drop.minecraft.cooked_chicken":6,"stat.pickup.minecraft.redstone":23,"stat.mineBlock.minecraft.iron_ore":94,"stat.sleepInBed":1,"stat.timeSinceDeath":89447,"stat.mineBlock.minecraft.dirt":25,"stat.useItem.minecraft.crafting_table":7,"stat.useItem.minecraft.iron_pickaxe":357,"stat.craftItem.minecraft.wooden_pickaxe":1,"stat.pickup.minecraft.mutton":4,"stat.craftItem.minecraft.iron_sword":1,"stat.pickup.minecraft.double_plant":6,"stat.walkOneCm":258326,"stat.craftItem.minecraft.bed":1,"stat.useItem.minecraft.torch":28,"stat.pickup.minecraft.crafting_table":6,"stat.useItem.minecraft.cobblestone":61,"stat.craftItem.minecraft.crafting_table":3,"stat.furnaceInteraction":30,"stat.drop.minecraft.dirt":17,"stat.mineBlock.minecraft.double_plant":7,"stat.mineBlock.minecraft.coal_ore":197,"stat.drop.minecraft.wool":1,"stat.breakItem.minecraft.stone_pickaxe":3,"stat.pickup.minecraft.log":46,"stat.pickup.minecraft.string":1,"stat.useItem.minecraft.cooked_mutton":3,"stat.pickup.minecraft.furnace":3,"stat.drop.minecraft.iron_chestplate":1,"stat.pickup.minecraft.stone":74,"stat.drop.minecraft.planks":4,"stat.craftItem.minecraft.iron_chestplate":1,"stat.pickup.minecraft.chicken":10,"stat.pickup.minecraft.sapling":5,"stat.sprintOneCm":238734,"stat.pickup.minecraft.iron_chestplate":1,"stat.craftItem.minecraft.stick":24,"stat.killEntity.Skeleton":2,"stat.useItem.minecraft.bed":1,"stat.craftItem.minecraft.planks":152,"stat.useItem.minecraft.iron_sword":7,"stat.killEntity.Chicken":10,"stat.mineBlock.minecraft.crafting_table":7,"stat.killEntity.Spider":1,"stat.mobKills":19,"stat.mineBlock.minecraft.log":48,"stat.craftItem.minecraft.wooden_door":3,"stat.craftItem.minecraft.cooked_chicken":10,"stat.useItem.minecraft.wooden_door":1,"stat.mineBlock.minecraft.planks":2,"stat.deaths":4,"stat.drop":21,"stat.mineBlock.minecraft.leaves":10,"stat.playOneMinute":126795,"stat.useItem.minecraft.wooden_sword":44,"stat.pickup.minecraft.torch":7,"stat.killEntity.Sheep":4,"stat.mineBlock.minecraft.redstone_ore":5,"stat.sneakTime":1341,"stat.craftItem.minecraft.iron_pickaxe":2,"stat.pickup.minecraft.wool":4,"stat.killEntity.Zombie":2,"stat.craftItem.minecraft.dye":7,"stat.drop.minecraft.iron_ingot":9,"stat.mineBlock.minecraft.stone":484,"stat.mineBlock.minecraft.gold_ore":5,"stat.mineBlock.minecraft.tallgrass":24,"stat.craftItem.minecraft.cooked_mutton":3,"stat.diveOneCm":4110,"stat.breakItem.minecraft.wooden_pickaxe":1}