{"stat.leaveGame":13,"stat.craftItem.minecraft.iron_axe":2,"stat.useItem.minecraft.planks":38,"stat.drop.minecraft.bowl":2,"stat.pickup.minecraft.porkchop":7,"stat.drop.minecraft.iron_sword":1,"stat.useItem.minecraft.water_bucket":7,"stat.mineBlock.minecraft.red_mushroom":5,"stat.pickup.minecraft.rotten_flesh":20,"stat.pickup.minecraft.sand":58,"stat.entityKilledBy.Spider":1,"stat.craftItem.minecraft.stone_axe":1,"stat.craftItem.minecraft.iron_shovel":9,"stat.pickup.minecraft.brown_mushroom":5,"stat.mineBlock.minecraft.sand":75,"stat.drop.minecraft.sand":2,"stat.useItem.minecraft.iron_pickaxe":441,"stat.craftItem.minecraft.wooden_pickaxe":1,"stat.useItem.minecraft.iron_shovel":1295,"stat.pickup.minecraft.double_plant":10,"stat.craftItem.minecraft.bed":1,"stat.craftItem.minecraft.glass_pane":16,"stat.furnaceInteraction":86,"stat.drop.minecraft.gravel":4,"stat.useItem.minecraft.cooked_mutton":15,"stat.pickup.minecraft.furnace":8,"stat.pickup.minecraft.iron_chestplate":3,"stat.useItem.minecraft.wheat_seeds":6,"stat.deaths":5,"stat.pickup.minecraft.bowl":2,"stat.playOneMinute":341644,"stat.drop.minecraft.string":1,"stat.craftItem.minecraft.iron_pickaxe":2,"stat.useItem.minecraft.shears":126,"stat.drop.minecraft.iron_ingot":9,"stat.mineBlock.minecraft.tallgrass":26,"stat.craftItem.minecraft.cooked_mutton":17,"stat.pickup.minecraft.cooked_mutton":2,"stat.chestOpened":67,"stat.pickup.minecraft.pumpkin":13,"stat.craftItem.minecraft.mushroom_stew":3,"stat.useItem.minecraft.stone":3,"stat.pickup.minecraft.arrow":8,"stat.pickup.minecraft.iron_sword":2,"stat.drop.minecraft.iron_pickaxe":1,"stat.craftItem.minecraft.iron_hoe":1,"stat.pickup.minecraft.cooked_chicken":2,"stat.fallOneCm":83765,"stat.drop.minecraft.stone":20,"stat.drop.minecraft.dye":3,"stat.crouchOneCm":16618,"stat.craftItem.minecraft.iron_ingot":98,"stat.craftItem.minecraft.chest":4,"stat.pickup.minecraft.red_mushroom":5,"stat.useItem.minecraft.iron_hoe":83,"stat.craftingTableInteraction":79,"stat.drop.minecraft.double_plant":4,"stat.pickup.minecraft.feather":14,"stat.drop.minecraft.bone":2,"stat.useItem.minecraft.furnace":12,"stat.craftItem.minecraft.wooden_sword":1,"stat.pickup.minecraft.dye":84,"stat.pickup.minecraft.planks":25,"stat.pickup.minecraft.iron_leggings":1,"stat.pickup.minecraft.wheat_seeds":5,"stat.mineBlock.minecraft.gravel":4,"stat.useItem.minecraft.stone_pickaxe":400,"stat.breakItem.minecraft.stone_axe":1,"stat.craftItem.minecraft.iron_leggings":1,"stat.mineBlock.minecraft.dirt":1253,"stat.drop.minecraft.iron_axe":1,"stat.useItem.minecraft.torch":34,"stat.drop.minecraft.rotten_flesh":14,"stat.pickup.minecraft.crafting_table":11,"stat.useItem.minecraft.log":40,"stat.useItem.minecraft.cobblestone":135,"stat.craftItem.minecraft.crafting_table":4,"stat.mineBlock.minecraft.double_plant":14,"stat.pickup.minecraft.log":209,"stat.drop.minecraft.stonebrick":53,"stat.pickup.minecraft.iron_pickaxe":1,"stat.craftItem.minecraft.gold_ingot":9,"stat.drop.minecraft.planks":4,"stat.drop.minecraft.sapling":5,"stat.pickup.minecraft.chicken":13,"stat.pickup.minecraft.sapling":29,"stat.pickup.minecraft.wooden_door":6,"stat.useItem.minecraft.glass_pane":12,"stat.craftItem.minecraft.bucket":1,"stat.craftItem.minecraft.planks":360,"stat.useItem.minecraft.iron_sword":49,"stat.useItem.minecraft.stonebrick":181,"stat.mineBlock.minecraft.log":204,"stat.craftItem.minecraft.wooden_door":3,"stat.craftItem.minecraft.cooked_chicken":11,"stat.useItem.minecraft.wooden_door":5,"stat.sneakTime":4263,"stat.pickup.minecraft.wool":17,"stat.drop.minecraft.yellow_flower":1,"stat.pickup.minecraft.yellow_flower":2,"stat.pickup.minecraft.bone":6,"stat.useItem.minecraft.mushroom_stew":3,"stat.useItem.minecraft.iron_axe":54,"stat.mineBlock.minecraft.cobblestone":28,"stat.mineBlock.minecraft.brown_mushroom":4,"stat.craftItem.minecraft.wool":3,"stat.swimOneCm":19929,"stat.mineBlock.minecraft.spruce_stairs":12,"stat.drop.minecraft.cobblestone":9,"stat.drop.minecraft.brown_mushroom":2,"stat.useItem.minecraft.dirt":340,"stat.pickup.minecraft.iron_boots":1,"stat.craftItem.minecraft.furnace":4,"stat.craftItem.minecraft.iron_boots":1,"stat.useItem.minecraft.iron_ore":1,"stat.craftItem.minecraft.stone_pickaxe":3,"stat.pickup.minecraft.cobblestone":1105,"stat.flyOneCm":588604,"stat.drop.minecraft.wheat_seeds":2,"stat.pickup.minecraft.redstone":46,"stat.mineBlock.minecraft.iron_ore":97,"stat.timeSinceDeath":201773,"stat.pickup.minecraft.mutton":18,"stat.craftItem.minecraft.stonebrick":280,"stat.pickup.minecraft.stonebrick":7,"stat.drop.minecraft.dirt":103,"stat.useItem.minecraft.cooked_porkchop":1,"stat.mineBlock.minecraft.coal_ore":197,"stat.drop.minecraft.wool":1,"stat.pickup.minecraft.string":2,"stat.sprintOneCm":398484,"stat.craftItem.minecraft.stick":52,"stat.useItem.minecraft.bed":7,"stat.craftItem.minecraft.stone":350,"stat.mineBlock.minecraft.crafting_table":9,"stat.useItem.minecraft.bucket":7,"stat.mineBlock.minecraft.planks":7,"stat.drop":49,"stat.useItem.minecraft.wooden_sword":44,"stat.killEntity.Sheep":9,"stat.breakItem.minecraft.iron_shovel":5,"stat.killEntity.Zombie":3,"stat.craftItem.minecraft.dye":13,"stat.mineBlock.minecraft.gold_ore":5,"stat.diveOneCm":10026,"stat.pickup.minecraft.gravel":5,"stat.craftItem.minecraft.cooked_porkchop":7,"stat.pickup.minecraft.stone_axe":1,"stat.jump":4124,"stat.pickup.minecraft.coal":359,"stat.pickup.minecraft.iron_ingot":13,"stat.useItem.minecraft.stone_axe":132,"stat.drop.minecraft.wooden_sword":1,"stat.pickup.minecraft.spider_eye":2,"stat.craftItem.minecraft.torch":24,"stat.pickup.minecraft.dirt":1430,"stat.craftItem.minecraft.iron_helmet":1,"stat.drop.minecraft.iron_shovel":2,"stat.useItem.minecraft.cooked_chicken":7,"stat.pickup.minecraft.iron_ore":114,"stat.pickup.minecraft.gold_ore":10,"stat.useItem.minecraft.sapling":1,"stat.mineBlock.minecraft.lapis_ore":6,"stat.pickup.minecraft.iron_axe":1,"stat.pickup.minecraft.leaves":94,"stat.mineBlock.minecraft.glass_pane":12,"stat.damageTaken":2293,"stat.mineBlock.minecraft.furnace":7,"stat.mineBlock.minecraft.torch":11,"stat.mineBlock.minecraft.red_flower":2,"stat.useItem.minecraft.wooden_pickaxe":60,"stat.mineBlock.minecraft.sapling":1,"stat.pickup.minecraft.reeds":6,"stat.pickup.minecraft.bed":8,"stat.entityKilledBy.Zombie":2,"stat.damageDealt":3756,"stat.drop.minecraft.cooked_chicken":6,"stat.craftItem.minecraft.glass":56,"stat.sleepInBed":12,"stat.craftItem.minecraft.bowl":4,"stat.useItem.minecraft.crafting_table":11,"stat.killEntity.Pig":3,"stat.craftItem.minecraft.iron_sword":1,"stat.walkOneCm":715523,"stat.useItem.minecraft.chest":4,"stat.pickup.minecraft.stick":2,"stat.breakItem.minecraft.stone_pickaxe":3,"stat.drop.minecraft.iron_chestplate":1,"stat.pickup.minecraft.stone":128,"stat.useItem.minecraft.spruce_stairs":16,"stat.craftItem.minecraft.iron_chestplate":1,"stat.useItem.minecraft.leaves":30,"stat.killEntity.Skeleton":4,"stat.mineBlock.minecraft.stonebrick":7,"stat.killEntity.Chicken":13,"stat.killEntity.Spider":3,"stat.mobKills":36,"stat.craftItem.minecraft.shears":1,"stat.breakItem.minecraft.iron_axe":1,"stat.mineBlock.minecraft.leaves":153,"stat.pickup.minecraft.torch":14,"stat.pickup.minecraft.spruce_stairs":12,"stat.mineBlock.minecraft.redstone_ore":5,"stat.craftItem.minecraft.spruce_stairs":16,"stat.mineBlock.minecraft.stone":533,"stat.breakItem.minecraft.wooden_pickaxe":1}