{"stat.pickup.minecraft.pumpkin":13,"stat.pickup.minecraft.double_plant":2,"stat.walkOneCm":101762,"stat.craftItem.minecraft.bed":1,"stat.pickup.minecraft.bone":1,"stat.leaveGame":3,"stat.pickup.minecraft.arrow":2,"stat.pickup.minecraft.crafting_table":3,"stat.useItem.minecraft.cobblestone":12,"stat.craftItem.minecraft.crafting_table":3,"stat.furnaceInteraction":5,"stat.mineBlock.minecraft.double_plant":7,"stat.craftItem.minecraft.wool":3,"stat.pickup.minecraft.log":46,"stat.pickup.minecraft.string":1,"stat.jump":992,"stat.swimOneCm":193,"stat.fallOneCm":22808,"stat.useItem.minecraft.planks":2,"stat.useItem.minecraft.cooked_mutton":1,"stat.pickup.minecraft.chicken":7,"stat.crouchOneCm":102,"stat.pickup.minecraft.spider_eye":1,"stat.pickup.minecraft.sapling":5,"stat.pickup.minecraft.dirt":8,"stat.useItem.minecraft.dirt":8,"stat.sprintOneCm":112424,"stat.craftItem.minecraft.stick":12,"stat.craftingTableInteraction":20,"stat.craftItem.minecraft.furnace":1,"stat.entityKilledBy.Spider":1,"stat.useItem.minecraft.bed":1,"stat.craftItem.minecraft.planks":152,"stat.killEntity.Chicken":7,"stat.damageTaken":971,"stat.killEntity.Spider":1,"stat.mineBlock.minecraft.crafting_table":3,"stat.pickup.minecraft.feather":3,"stat.craftItem.minecraft.stone_pickaxe":1,"stat.useItem.minecraft.wooden_pickaxe":46,"stat.useItem.minecraft.furnace":1,"stat.mobKills":13,"stat.pickup.minecraft.cobblestone":67,"stat.craftItem.minecraft.wooden_sword":1,"stat.mineBlock.minecraft.log":48,"stat.craftItem.minecraft.wooden_door":3,"stat.pickup.minecraft.planks":20,"stat.useItem.minecraft.wooden_door":1,"stat.flyOneCm":188694,"stat.mineBlock.minecraft.planks":2,"stat.deaths":4,"stat.pickup.minecraft.wheat_seeds":3,"stat.mineBlock.minecraft.leaves":10,"stat.playOneMinute":60795,"stat.entityKilledBy.Zombie":2,"stat.useItem.minecraft.wooden_sword":27,"stat.killEntity.Sheep":4,"stat.useItem.minecraft.stone_pickaxe":21,"stat.sneakTime":50,"stat.pickup.minecraft.wool":4,"stat.damageDealt":990,"stat.sleepInBed":1,"stat.killEntity.Zombie":1,"stat.timeSinceDeath":23447,"stat.craftItem.minecraft.dye":4,"stat.mineBlock.minecraft.dirt":8,"stat.useItem.minecraft.crafting_table":5,"stat.craftItem.minecraft.wooden_pickaxe":1,"stat.mineBlock.minecraft.stone":66,"stat.mineBlock.minecraft.tallgrass":18,"stat.craftItem.minecraft.cooked_mutton":1,"stat.pickup.minecraft.mutton":4}