{"stat.pickup.minecraft.pumpkin":13,"stat.pickup.minecraft.double_plant":2,"stat.walkOneCm":140490,"stat.craftItem.minecraft.bed":1,"stat.pickup.minecraft.bone":1,"stat.useItem.minecraft.torch":1,"stat.useItem.minecraft.stone":1,"stat.leaveGame":3,"stat.pickup.minecraft.arrow":2,"stat.pickup.minecraft.crafting_table":4,"stat.useItem.minecraft.cobblestone":12,"stat.craftItem.minecraft.crafting_table":3,"stat.furnaceInteraction":11,"stat.mineBlock.minecraft.double_plant":7,"stat.mineBlock.minecraft.coal_ore":22,"stat.craftItem.minecraft.wool":3,"stat.pickup.minecraft.log":46,"stat.pickup.minecraft.string":1,"stat.jump":1322,"stat.swimOneCm":769,"stat.pickup.minecraft.coal":26,"stat.fallOneCm":28424,"stat.useItem.minecraft.planks":2,"stat.useItem.minecraft.cooked_mutton":1,"stat.pickup.minecraft.furnace":1,"stat.pickup.minecraft.stone":2,"stat.pickup.minecraft.chicken":10,"stat.crouchOneCm":102,"stat.pickup.minecraft.spider_eye":1,"stat.craftItem.minecraft.torch":12,"stat.pickup.minecraft.sapling":5,"stat.pickup.minecraft.dirt":8,"stat.useItem.minecraft.dirt":8,"stat.sprintOneCm":140792,"stat.craftItem.minecraft.stick":12,"stat.useItem.minecraft.cooked_chicken":2,"stat.craftingTableInteraction":20,"stat.killEntity.Skeleton":1,"stat.craftItem.minecraft.furnace":1,"stat.entityKilledBy.Spider":1,"stat.useItem.minecraft.bed":1,"stat.craftItem.minecraft.planks":152,"stat.killEntity.Chicken":10,"stat.damageTaken":1001,"stat.killEntity.Spider":1,"stat.mineBlock.minecraft.crafting_table":5,"stat.pickup.minecraft.feather":5,"stat.craftItem.minecraft.stone_pickaxe":1,"stat.mineBlock.minecraft.furnace":1,"stat.useItem.minecraft.wooden_pickaxe":60,"stat.useItem.minecraft.furnace":2,"stat.mobKills":17,"stat.pickup.minecraft.cobblestone":162,"stat.craftItem.minecraft.wooden_sword":1,"stat.mineBlock.minecraft.log":48,"stat.craftItem.minecraft.wooden_door":3,"stat.pickup.minecraft.planks":20,"stat.craftItem.minecraft.cooked_chicken":10,"stat.useItem.minecraft.wooden_door":1,"stat.flyOneCm":243224,"stat.pickup.minecraft.bed":1,"stat.mineBlock.minecraft.planks":2,"stat.deaths":4,"stat.pickup.minecraft.wheat_seeds":3,"stat.drop":5,"stat.mineBlock.minecraft.leaves":10,"stat.playOneMinute":72795,"stat.entityKilledBy.Zombie":2,"stat.useItem.minecraft.wooden_sword":34,"stat.killEntity.Sheep":4,"stat.useItem.minecraft.stone_pickaxe":129,"stat.sneakTime":51,"stat.pickup.minecraft.wool":4,"stat.damageDealt":1174,"stat.drop.minecraft.cooked_chicken":5,"stat.sleepInBed":1,"stat.killEntity.Zombie":1,"stat.timeSinceDeath":35447,"stat.craftItem.minecraft.dye":4,"stat.mineBlock.minecraft.dirt":8,"stat.useItem.minecraft.crafting_table":5,"stat.craftItem.minecraft.wooden_pickaxe":1,"stat.mineBlock.minecraft.stone":165,"stat.mineBlock.minecraft.tallgrass":22,"stat.craftItem.minecraft.cooked_mutton":3,"stat.pickup.minecraft.mutton":4,"stat.breakItem.minecraft.wooden_pickaxe":1}