{"stat.pickup.minecraft.bone":3,"stat.leaveGame":6,"stat.mineBlock.minecraft.cobblestone":8,"stat.mineBlock.minecraft.brown_mushroom":1,"stat.craftItem.minecraft.wool":3,"stat.swimOneCm":7870,"stat.useItem.minecraft.planks":2,"stat.drop.minecraft.cobblestone":9,"stat.drop.minecraft.brown_mushroom":1,"stat.useItem.minecraft.dirt":8,"stat.pickup.minecraft.sand":2,"stat.craftItem.minecraft.furnace":3,"stat.entityKilledBy.Spider":1,"stat.craftItem.minecraft.stone_axe":1,"stat.craftItem.minecraft.iron_boots":1,"stat.useItem.minecraft.iron_ore":1,"stat.craftItem.minecraft.stone_pickaxe":3,"stat.pickup.minecraft.cobblestone":628,"stat.flyOneCm":326305,"stat.pickup.minecraft.brown_mushroom":1,"stat.mineBlock.minecraft.sand":2,"stat.drop.minecraft.wheat_seeds":2,"stat.drop.minecraft.sand":2,"stat.pickup.minecraft.redstone":23,"stat.mineBlock.minecraft.iron_ore":94,"stat.timeSinceDeath":97820,"stat.useItem.minecraft.iron_pickaxe":359,"stat.craftItem.minecraft.wooden_pickaxe":1,"stat.pickup.minecraft.mutton":10,"stat.pickup.minecraft.double_plant":6,"stat.craftItem.minecraft.bed":1,"stat.furnaceInteraction":37,"stat.drop.minecraft.gravel":4,"stat.drop.minecraft.dirt":17,"stat.mineBlock.minecraft.coal_ore":197,"stat.drop.minecraft.wool":1,"stat.pickup.minecraft.string":1,"stat.useItem.minecraft.cooked_mutton":7,"stat.pickup.minecraft.furnace":5,"stat.sprintOneCm":248367,"stat.pickup.minecraft.iron_chestplate":1,"stat.craftItem.minecraft.stick":28,"stat.useItem.minecraft.bed":1,"stat.mineBlock.minecraft.crafting_table":8,"stat.mineBlock.minecraft.planks":2,"stat.deaths":4,"stat.drop":25,"stat.playOneMinute":135168,"stat.useItem.minecraft.wooden_sword":44,"stat.killEntity.Sheep":4,"stat.craftItem.minecraft.iron_pickaxe":2,"stat.killEntity.Zombie":2,"stat.craftItem.minecraft.dye":7,"stat.drop.minecraft.iron_ingot":9,"stat.mineBlock.minecraft.gold_ore":5,"stat.mineBlock.minecraft.tallgrass":24,"stat.craftItem.minecraft.cooked_mutton":9,"stat.diveOneCm":4110,"stat.pickup.minecraft.pumpkin":13,"stat.useItem.minecraft.stone":3,"stat.pickup.minecraft.gravel":4,"stat.pickup.minecraft.arrow":3,"stat.drop.minecraft.iron_pickaxe":1,"stat.jump":2068,"stat.pickup.minecraft.coal":259,"stat.pickup.minecraft.cooked_chicken":2,"stat.fallOneCm":38592,"stat.pickup.minecraft.iron_ingot":12,"stat.drop.minecraft.stone":17,"stat.drop.minecraft.dye":2,"stat.useItem.minecraft.stone_axe":8,"stat.drop.minecraft.wooden_sword":1,"stat.crouchOneCm":4399,"stat.pickup.minecraft.spider_eye":1,"stat.craftItem.minecraft.torch":24,"stat.craftItem.minecraft.iron_ingot":25,"stat.pickup.minecraft.dirt":39,"stat.useItem.minecraft.cooked_chicken":6,"stat.craftingTableInteraction":53,"stat.pickup.minecraft.iron_ore":87,"stat.pickup.minecraft.gold_ore":5,"stat.mineBlock.minecraft.lapis_ore":6,"stat.damageTaken":1450,"stat.pickup.minecraft.feather":5,"stat.drop.minecraft.bone":2,"stat.mineBlock.minecraft.furnace":5,"stat.mineBlock.minecraft.torch":7,"stat.useItem.minecraft.wooden_pickaxe":60,"stat.useItem.minecraft.furnace":7,"stat.craftItem.minecraft.wooden_sword":1,"stat.pickup.minecraft.dye":41,"stat.pickup.minecraft.planks":21,"stat.pickup.minecraft.bed":1,"stat.pickup.minecraft.wheat_seeds":5,"stat.entityKilledBy.Zombie":2,"stat.mineBlock.minecraft.gravel":3,"stat.useItem.minecraft.stone_pickaxe":400,"stat.craftItem.minecraft.iron_leggings":1,"stat.damageDealt":1854,"stat.drop.minecraft.cooked_chicken":6,"stat.sleepInBed":1,"stat.mineBlock.minecraft.dirt":25,"stat.useItem.minecraft.crafting_table":8,"stat.craftItem.minecraft.iron_sword":1,"stat.walkOneCm":272187,"stat.useItem.minecraft.torch":28,"stat.pickup.minecraft.crafting_table":8,"stat.useItem.minecraft.cobblestone":61,"stat.craftItem.minecraft.crafting_table":3,"stat.mineBlock.minecraft.double_plant":7,"stat.breakItem.minecraft.stone_pickaxe":3,"stat.pickup.minecraft.log":53,"stat.drop.minecraft.iron_chestplate":1,"stat.pickup.minecraft.stone":74,"stat.drop.minecraft.planks":4,"stat.craftItem.minecraft.iron_chestplate":1,"stat.pickup.minecraft.chicken":10,"stat.pickup.minecraft.sapling":5,"stat.killEntity.Skeleton":2,"stat.craftItem.minecraft.planks":152,"stat.useItem.minecraft.iron_sword":7,"stat.killEntity.Chicken":10,"stat.killEntity.Spider":1,"stat.mobKills":19,"stat.mineBlock.minecraft.log":55,"stat.craftItem.minecraft.wooden_door":3,"stat.craftItem.minecraft.cooked_chicken":10,"stat.useItem.minecraft.wooden_door":1,"stat.mineBlock.minecraft.leaves":10,"stat.pickup.minecraft.torch":7,"stat.mineBlock.minecraft.redstone_ore":5,"stat.sneakTime":1341,"stat.pickup.minecraft.wool":8,"stat.mineBlock.minecraft.stone":484,"stat.breakItem.minecraft.wooden_pickaxe":1}