{"stat.leaveGame":16,"stat.craftItem.minecraft.iron_axe":2,"stat.useItem.minecraft.planks":95,"stat.drop.minecraft.bowl":2,"stat.pickup.minecraft.porkchop":24,"stat.drop.minecraft.iron_sword":1,"stat.useItem.minecraft.water_bucket":7,"stat.mineBlock.minecraft.red_mushroom":8,"stat.pickup.minecraft.rotten_flesh":29,"stat.pickup.minecraft.sand":58,"stat.entityKilledBy.Spider":1,"stat.craftItem.minecraft.stone_axe":1,"stat.craftItem.minecraft.iron_shovel":9,"stat.pickup.minecraft.brown_mushroom":11,"stat.mineBlock.minecraft.sand":75,"stat.drop.minecraft.sand":2,"stat.useItem.minecraft.iron_pickaxe":469,"stat.craftItem.minecraft.wooden_pickaxe":1,"stat.useItem.minecraft.iron_shovel":1370,"stat.pickup.minecraft.double_plant":10,"stat.craftItem.minecraft.bed":1,"stat.craftItem.minecraft.glass_pane":16,"stat.furnaceInteraction":108,"stat.drop.minecraft.gravel":4,"stat.killEntity.ZombieVillager":1,"stat.drop.minecraft.red_flower":1,"stat.useItem.minecraft.cooked_mutton":20,"stat.pickup.minecraft.furnace":8,"stat.useItem.minecraft.trapdoor":6,"stat.pickup.minecraft.iron_chestplate":3,"stat.useItem.minecraft.wheat_seeds":109,"stat.useItem.minecraft.dye":33,"stat.deaths":5,"stat.pickup.minecraft.bowl":2,"stat.pickup.minecraft.egg":1,"stat.playOneMinute":503542,"stat.drop.minecraft.string":1,"stat.craftItem.minecraft.iron_pickaxe":2,"stat.useItem.minecraft.shears":126,"stat.drop.minecraft.iron_ingot":9,"stat.mineBlock.minecraft.tallgrass":283,"stat.craftItem.minecraft.cooked_mutton":46,"stat.pickup.minecraft.cooked_mutton":2,"stat.chestOpened":113,"stat.pickup.minecraft.pumpkin":13,"stat.craftItem.minecraft.mushroom_stew":3,"stat.useItem.minecraft.stone":4,"stat.pickup.minecraft.arrow":13,"stat.pickup.minecraft.iron_sword":2,"stat.drop.minecraft.iron_pickaxe":1,"stat.craftItem.minecraft.iron_hoe":1,"stat.pickup.minecraft.cooked_chicken":2,"stat.fallOneCm":150274,"stat.drop.minecraft.stone":20,"stat.drop.minecraft.dye":3,"stat.crouchOneCm":25944,"stat.craftItem.minecraft.iron_ingot":105,"stat.craftItem.minecraft.chest":4,"stat.pickup.minecraft.red_mushroom":8,"stat.useItem.minecraft.iron_hoe":88,"stat.craftingTableInteraction":87,"stat.drop.minecraft.double_plant":4,"stat.pickup.minecraft.feather":36,"stat.drop.minecraft.bone":2,"stat.useItem.minecraft.furnace":12,"stat.useItem.minecraft.reeds":11,"stat.craftItem.minecraft.wooden_sword":1,"stat.pickup.minecraft.dye":90,"stat.pickup.minecraft.planks":33,"stat.pickup.minecraft.iron_leggings":1,"stat.pickup.minecraft.wheat_seeds":121,"stat.mineBlock.minecraft.gravel":4,"stat.useItem.minecraft.stone_pickaxe":400,"stat.breakItem.minecraft.stone_axe":1,"stat.craftItem.minecraft.iron_leggings":1,"stat.mineBlock.minecraft.dirt":1349,"stat.drop.minecraft.iron_axe":1,"stat.useItem.minecraft.torch":43,"stat.useItem.minecraft.bread":6,"stat.drop.minecraft.rotten_flesh":14,"stat.pickup.minecraft.crafting_table":13,"stat.useItem.minecraft.log":44,"stat.useItem.minecraft.cobblestone":136,"stat.craftItem.minecraft.crafting_table":5,"stat.mineBlock.minecraft.double_plant":74,"stat.pickup.minecraft.log":245,"stat.drop.minecraft.stonebrick":53,"stat.pickup.minecraft.iron_pickaxe":1,"stat.craftItem.minecraft.gold_ingot":9,"stat.drop.minecraft.planks":4,"stat.drop.minecraft.sapling":5,"stat.pickup.minecraft.chicken":29,"stat.pickup.minecraft.sapling":39,"stat.pickup.minecraft.wooden_door":6,"stat.useItem.minecraft.glass_pane":12,"stat.craftItem.minecraft.bucket":1,"stat.craftItem.minecraft.planks":432,"stat.useItem.minecraft.iron_sword":275,"stat.useItem.minecraft.stonebrick":210,"stat.mineBlock.minecraft.log":240,"stat.craftItem.minecraft.wooden_door":3,"stat.craftItem.minecraft.cooked_chicken":11,"stat.useItem.minecraft.wooden_door":5,"stat.pickup.minecraft.red_flower":1,"stat.sneakTime":6676,"stat.pickup.minecraft.wool":58,"stat.drop.minecraft.yellow_flower":1,"stat.pickup.minecraft.yellow_flower":4,"stat.pickup.minecraft.bone":13,"stat.useItem.minecraft.mushroom_stew":3,"stat.useItem.minecraft.iron_axe":120,"stat.mineBlock.minecraft.cobblestone":31,"stat.craftItem.minecraft.stone_brick_stairs":12,"stat.mineBlock.minecraft.brown_mushroom":9,"stat.craftItem.minecraft.wool":3,"stat.swimOneCm":50206,"stat.mineBlock.minecraft.spruce_stairs":23,"stat.drop.minecraft.cobblestone":9,"stat.drop.minecraft.brown_mushroom":2,"stat.useItem.minecraft.dirt":513,"stat.pickup.minecraft.iron_boots":1,"stat.craftItem.minecraft.furnace":4,"stat.craftItem.minecraft.iron_boots":1,"stat.useItem.minecraft.iron_ore":1,"stat.craftItem.minecraft.trapdoor":4,"stat.craftItem.minecraft.stone_pickaxe":3,"stat.pickup.minecraft.cobblestone":1117,"stat.flyOneCm":1265650,"stat.drop.minecraft.wheat_seeds":2,"stat.craftItem.minecraft.wooden_slab":6,"stat.pickup.minecraft.redstone":46,"stat.mineBlock.minecraft.iron_ore":98,"stat.timeSinceDeath":363671,"stat.pickup.minecraft.mutton":79,"stat.craftItem.minecraft.stonebrick":344,"stat.pickup.minecraft.stonebrick":9,"stat.drop.minecraft.dirt":103,"stat.useItem.minecraft.cooked_porkchop":15,"stat.pickup.minecraft.trapdoor":2,"stat.mineBlock.minecraft.coal_ore":210,"stat.drop.minecraft.wool":1,"stat.killEntity.Creeper":1,"stat.breakItem.minecraft.iron_sword":1,"stat.pickup.minecraft.string":4,"stat.sprintOneCm":919977,"stat.craftItem.minecraft.stick":60,"stat.useItem.minecraft.bed":10,"stat.craftItem.minecraft.stone":350,"stat.mineBlock.minecraft.crafting_table":11,"stat.useItem.minecraft.bucket":7,"stat.mineBlock.minecraft.planks":15,"stat.drop":51,"stat.useItem.minecraft.wooden_sword":44,"stat.killEntity.Sheep":51,"stat.breakItem.minecraft.iron_shovel":5,"stat.killEntity.Zombie":10,"stat.craftItem.minecraft.dye":37,"stat.mineBlock.minecraft.gold_ore":5,"stat.diveOneCm":31420,"stat.pickup.minecraft.wheat":42,"stat.pickup.minecraft.gravel":5,"stat.craftItem.minecraft.cooked_porkchop":32,"stat.pickup.minecraft.stone_axe":1,"stat.drop.minecraft.cooked_porkchop":3,"stat.jump":7364,"stat.pickup.minecraft.coal":372,"stat.pickup.minecraft.iron_ingot":13,"stat.useItem.minecraft.stone_axe":132,"stat.drop.minecraft.wooden_sword":1,"stat.craftItem.minecraft.bread":6,"stat.pickup.minecraft.gunpowder":2,"stat.pickup.minecraft.spider_eye":2,"stat.craftItem.minecraft.torch":56,"stat.pickup.minecraft.dirt":1547,"stat.craftItem.minecraft.iron_helmet":1,"stat.drop.minecraft.iron_shovel":2,"stat.useItem.minecraft.cooked_chicken":7,"stat.pickup.minecraft.iron_ore":115,"stat.pickup.minecraft.gold_ore":10,"stat.useItem.minecraft.sapling":1,"stat.mineBlock.minecraft.lapis_ore":6,"stat.pickup.minecraft.iron_axe":1,"stat.pickup.minecraft.leaves":94,"stat.mineBlock.minecraft.glass_pane":12,"stat.damageTaken":3327,"stat.useItem.minecraft.stone_brick_stairs":12,"stat.mineBlock.minecraft.furnace":7,"stat.mineBlock.minecraft.torch":13,"stat.mineBlock.minecraft.red_flower":4,"stat.useItem.minecraft.wooden_pickaxe":60,"stat.mineBlock.minecraft.sapling":1,"stat.pickup.minecraft.reeds":17,"stat.pickup.minecraft.bed":10,"stat.entityKilledBy.Zombie":2,"stat.damageDealt":12619,"stat.drop.minecraft.cooked_chicken":6,"stat.craftItem.minecraft.glass":56,"stat.sleepInBed":17,"stat.craftItem.minecraft.bowl":4,"stat.useItem.minecraft.crafting_table":12,"stat.killEntity.Pig":12,"stat.craftItem.minecraft.iron_sword":1,"stat.walkOneCm":1159933,"stat.animalsBred":10,"stat.useItem.minecraft.chest":4,"stat.pickup.minecraft.stick":2,"stat.breakItem.minecraft.stone_pickaxe":3,"stat.drop.minecraft.iron_chestplate":1,"stat.pickup.minecraft.stone":128,"stat.useItem.minecraft.spruce_stairs":45,"stat.craftItem.minecraft.iron_chestplate":1,"stat.useItem.minecraft.leaves":94,"stat.killEntity.Skeleton":11,"stat.mineBlock.minecraft.stonebrick":9,"stat.killEntity.Chicken":29,"stat.killEntity.Spider":6,"stat.mobKills":123,"stat.craftItem.minecraft.shears":1,"stat.breakItem.minecraft.iron_axe":1,"stat.mineBlock.minecraft.leaves":183,"stat.pickup.minecraft.torch":50,"stat.pickup.minecraft.spruce_stairs":23,"stat.mineBlock.minecraft.redstone_ore":5,"stat.craftItem.minecraft.spruce_stairs":16,"stat.mineBlock.minecraft.stone":542,"stat.breakItem.minecraft.wooden_pickaxe":1}