{"stat.pickup.minecraft.pumpkin":13,"stat.walkOneCm":31602,"stat.leaveGame":3,"stat.craftItem.minecraft.crafting_table":2,"stat.mineBlock.minecraft.double_plant":6,"stat.pickup.minecraft.log":34,"stat.pickup.minecraft.string":1,"stat.jump":547,"stat.fallOneCm":14779,"stat.useItem.minecraft.planks":2,"stat.pickup.minecraft.spider_eye":1,"stat.pickup.minecraft.sapling":3,"stat.pickup.minecraft.dirt":1,"stat.useItem.minecraft.dirt":1,"stat.sprintOneCm":57950,"stat.craftItem.minecraft.stick":4,"stat.craftingTableInteraction":4,"stat.craftItem.minecraft.planks":104,"stat.damageTaken":905,"stat.killEntity.Spider":1,"stat.mobKills":1,"stat.mineBlock.minecraft.log":36,"stat.pickup.minecraft.planks":20,"stat.flyOneCm":110266,"stat.mineBlock.minecraft.planks":2,"stat.deaths":3,"stat.pickup.minecraft.wheat_seeds":3,"stat.mineBlock.minecraft.leaves":8,"stat.playOneMinute":36795,"stat.entityKilledBy.Zombie":2,"stat.sneakTime":33,"stat.damageDealt":139,"stat.timeSinceDeath":5670,"stat.mineBlock.minecraft.dirt":1,"stat.useItem.minecraft.crafting_table":1,"stat.mineBlock.minecraft.tallgrass":6}