{"stat.pickup.minecraft.pumpkin":13,"stat.pickup.minecraft.bone":1,"stat.useItem.minecraft.stone":3,"stat.leaveGame":3,"stat.pickup.minecraft.arrow":3,"stat.mineBlock.minecraft.cobblestone":6,"stat.mineBlock.minecraft.brown_mushroom":1,"stat.craftItem.minecraft.wool":3,"stat.jump":1696,"stat.swimOneCm":5297,"stat.pickup.minecraft.coal":128,"stat.pickup.minecraft.cooked_chicken":1,"stat.fallOneCm":33836,"stat.useItem.minecraft.planks":2,"stat.pickup.minecraft.iron_ingot":3,"stat.drop.minecraft.dye":2,"stat.crouchOneCm":3312,"stat.pickup.minecraft.spider_eye":1,"stat.craftItem.minecraft.torch":20,"stat.craftItem.minecraft.iron_ingot":3,"stat.pickup.minecraft.dirt":25,"stat.useItem.minecraft.dirt":8,"stat.useItem.minecraft.cooked_chicken":6,"stat.craftingTableInteraction":27,"stat.pickup.minecraft.iron_ore":46,"stat.pickup.minecraft.sand":2,"stat.craftItem.minecraft.furnace":1,"stat.entityKilledBy.Spider":1,"stat.damageTaken":1231,"stat.pickup.minecraft.feather":5,"stat.useItem.minecraft.iron_ore":1,"stat.craftItem.minecraft.stone_pickaxe":3,"stat.mineBlock.minecraft.furnace":3,"stat.mineBlock.minecraft.torch":7,"stat.useItem.minecraft.wooden_pickaxe":60,"stat.useItem.minecraft.furnace":3,"stat.pickup.minecraft.cobblestone":427,"stat.craftItem.minecraft.wooden_sword":1,"stat.pickup.minecraft.dye":2,"stat.pickup.minecraft.planks":20,"stat.flyOneCm":283704,"stat.pickup.minecraft.bed":1,"stat.pickup.minecraft.wheat_seeds":5,"stat.pickup.minecraft.brown_mushroom":1,"stat.mineBlock.minecraft.sand":2,"stat.entityKilledBy.Zombie":2,"stat.useItem.minecraft.stone_pickaxe":400,"stat.damageDealt":1494,"stat.drop.minecraft.cooked_chicken":5,"stat.mineBlock.minecraft.iron_ore":52,"stat.sleepInBed":1,"stat.timeSinceDeath":65447,"stat.mineBlock.minecraft.dirt":25,"stat.useItem.minecraft.crafting_table":7,"stat.useItem.minecraft.iron_pickaxe":164,"stat.craftItem.minecraft.wooden_pickaxe":1,"stat.pickup.minecraft.mutton":4,"stat.pickup.minecraft.double_plant":6,"stat.walkOneCm":209513,"stat.craftItem.minecraft.bed":1,"stat.useItem.minecraft.torch":22,"stat.pickup.minecraft.crafting_table":6,"stat.useItem.minecraft.cobblestone":46,"stat.craftItem.minecraft.crafting_table":3,"stat.furnaceInteraction":18,"stat.mineBlock.minecraft.double_plant":7,"stat.mineBlock.minecraft.coal_ore":107,"stat.breakItem.minecraft.stone_pickaxe":3,"stat.pickup.minecraft.log":46,"stat.pickup.minecraft.string":1,"stat.useItem.minecraft.cooked_mutton":2,"stat.pickup.minecraft.furnace":3,"stat.pickup.minecraft.stone":29,"stat.pickup.minecraft.chicken":10,"stat.pickup.minecraft.sapling":5,"stat.sprintOneCm":200887,"stat.craftItem.minecraft.stick":20,"stat.killEntity.Skeleton":2,"stat.useItem.minecraft.bed":1,"stat.craftItem.minecraft.planks":152,"stat.killEntity.Chicken":10,"stat.mineBlock.minecraft.crafting_table":7,"stat.killEntity.Spider":1,"stat.mobKills":18,"stat.mineBlock.minecraft.log":48,"stat.craftItem.minecraft.wooden_door":3,"stat.craftItem.minecraft.cooked_chicken":10,"stat.useItem.minecraft.wooden_door":1,"stat.mineBlock.minecraft.planks":2,"stat.deaths":4,"stat.drop":8,"stat.mineBlock.minecraft.leaves":10,"stat.playOneMinute":102795,"stat.useItem.minecraft.wooden_sword":44,"stat.pickup.minecraft.torch":7,"stat.killEntity.Sheep":4,"stat.sneakTime":1042,"stat.craftItem.minecraft.iron_pickaxe":1,"stat.pickup.minecraft.wool":4,"stat.killEntity.Zombie":1,"stat.craftItem.minecraft.dye":7,"stat.drop.minecraft.iron_ingot":3,"stat.mineBlock.minecraft.stone":443,"stat.mineBlock.minecraft.tallgrass":24,"stat.craftItem.minecraft.cooked_mutton":3,"stat.diveOneCm":3960,"stat.breakItem.minecraft.wooden_pickaxe":1}