{"stat.pickup.minecraft.pumpkin":13,"stat.pickup.minecraft.bone":1,"stat.useItem.minecraft.stone":3,"stat.leaveGame":3,"stat.pickup.minecraft.arrow":2,"stat.craftItem.minecraft.wool":3,"stat.jump":1395,"stat.swimOneCm":769,"stat.pickup.minecraft.coal":49,"stat.pickup.minecraft.cooked_chicken":1,"stat.fallOneCm":30307,"stat.useItem.minecraft.planks":2,"stat.pickup.minecraft.iron_ingot":3,"stat.drop.minecraft.dye":2,"stat.crouchOneCm":117,"stat.pickup.minecraft.spider_eye":1,"stat.craftItem.minecraft.torch":12,"stat.craftItem.minecraft.iron_ingot":3,"stat.pickup.minecraft.dirt":12,"stat.useItem.minecraft.dirt":8,"stat.useItem.minecraft.cooked_chicken":2,"stat.craftingTableInteraction":27,"stat.pickup.minecraft.iron_ore":9,"stat.craftItem.minecraft.furnace":1,"stat.entityKilledBy.Spider":1,"stat.damageTaken":1001,"stat.pickup.minecraft.feather":5,"stat.craftItem.minecraft.stone_pickaxe":3,"stat.mineBlock.minecraft.furnace":1,"stat.mineBlock.minecraft.torch":3,"stat.useItem.minecraft.wooden_pickaxe":60,"stat.useItem.minecraft.furnace":2,"stat.pickup.minecraft.cobblestone":320,"stat.craftItem.minecraft.wooden_sword":1,"stat.pickup.minecraft.dye":2,"stat.pickup.minecraft.planks":20,"stat.flyOneCm":247823,"stat.pickup.minecraft.bed":1,"stat.pickup.minecraft.wheat_seeds":3,"stat.entityKilledBy.Zombie":2,"stat.useItem.minecraft.stone_pickaxe":295,"stat.damageDealt":1174,"stat.drop.minecraft.cooked_chicken":5,"stat.mineBlock.minecraft.iron_ore":6,"stat.sleepInBed":1,"stat.timeSinceDeath":47447,"stat.mineBlock.minecraft.dirt":12,"stat.useItem.minecraft.crafting_table":7,"stat.craftItem.minecraft.wooden_pickaxe":1,"stat.pickup.minecraft.mutton":4,"stat.pickup.minecraft.double_plant":2,"stat.walkOneCm":173872,"stat.craftItem.minecraft.bed":1,"stat.useItem.minecraft.torch":8,"stat.pickup.minecraft.crafting_table":6,"stat.useItem.minecraft.cobblestone":13,"stat.craftItem.minecraft.crafting_table":3,"stat.furnaceInteraction":16,"stat.mineBlock.minecraft.double_plant":7,"stat.mineBlock.minecraft.coal_ore":22,"stat.breakItem.minecraft.stone_pickaxe":2,"stat.pickup.minecraft.log":46,"stat.pickup.minecraft.string":1,"stat.useItem.minecraft.cooked_mutton":2,"stat.pickup.minecraft.furnace":1,"stat.pickup.minecraft.stone":3,"stat.pickup.minecraft.chicken":10,"stat.pickup.minecraft.sapling":5,"stat.sprintOneCm":173541,"stat.craftItem.minecraft.stick":20,"stat.killEntity.Skeleton":1,"stat.useItem.minecraft.bed":1,"stat.craftItem.minecraft.planks":152,"stat.killEntity.Chicken":10,"stat.mineBlock.minecraft.crafting_table":7,"stat.killEntity.Spider":1,"stat.mobKills":17,"stat.mineBlock.minecraft.log":48,"stat.craftItem.minecraft.wooden_door":3,"stat.craftItem.minecraft.cooked_chicken":10,"stat.useItem.minecraft.wooden_door":1,"stat.mineBlock.minecraft.planks":2,"stat.deaths":4,"stat.drop":8,"stat.mineBlock.minecraft.leaves":10,"stat.playOneMinute":84795,"stat.useItem.minecraft.wooden_sword":35,"stat.pickup.minecraft.torch":3,"stat.killEntity.Sheep":4,"stat.sneakTime":67,"stat.craftItem.minecraft.iron_pickaxe":1,"stat.pickup.minecraft.wool":4,"stat.killEntity.Zombie":1,"stat.craftItem.minecraft.dye":7,"stat.drop.minecraft.iron_ingot":3,"stat.mineBlock.minecraft.stone":324,"stat.mineBlock.minecraft.tallgrass":22,"stat.craftItem.minecraft.cooked_mutton":3,"stat.breakItem.minecraft.wooden_pickaxe":1}