{"stat.pickup.minecraft.pumpkin":13,"stat.pickup.minecraft.bone":1,"stat.useItem.minecraft.stone":3,"stat.leaveGame":2,"stat.pickup.minecraft.gravel":1,"stat.pickup.minecraft.arrow":2,"stat.mineBlock.minecraft.pumpkin":13,"stat.useItem.minecraft.chicken":1,"stat.mineBlock.minecraft.yellow_flower":2,"stat.breakItem.minecraft.wooden_sword":1,"stat.useItem.minecraft.mutton":4,"stat.jump":908,"stat.swimOneCm":3271,"stat.pickup.minecraft.coal":55,"stat.pickup.minecraft.cooked_chicken":5,"stat.fallOneCm":21384,"stat.useItem.minecraft.planks":1,"stat.pickup.minecraft.iron_ingot":3,"stat.craftItem.minecraft.shield":1,"stat.crouchOneCm":321,"stat.craftItem.minecraft.torch":4,"stat.craftItem.minecraft.iron_ingot":1,"stat.pickup.minecraft.dirt":19,"stat.useItem.minecraft.dirt":19,"stat.useItem.minecraft.cooked_chicken":1,"stat.craftingTableInteraction":35,"stat.pickup.minecraft.iron_ore":12,"stat.craftItem.minecraft.furnace":1,"stat.damageTaken":690,"stat.pickup.minecraft.feather":6,"stat.craftItem.minecraft.stone_pickaxe":2,"stat.mineBlock.minecraft.torch":7,"stat.mineBlock.minecraft.furnace":1,"stat.useItem.minecraft.wooden_pickaxe":33,"stat.useItem.minecraft.furnace":1,"stat.pickup.minecraft.cobblestone":242,"stat.craftItem.minecraft.wooden_sword":1,"stat.pickup.minecraft.dye":1,"stat.pickup.minecraft.planks":6,"stat.craftItem.minecraft.stone_sword":1,"stat.flyOneCm":130824,"stat.pickup.minecraft.bed":2,"stat.pickup.minecraft.wheat_seeds":7,"stat.entityKilledBy.Zombie":1,"stat.mineBlock.minecraft.gravel":1,"stat.useItem.minecraft.stone_pickaxe":266,"stat.damageDealt":1203,"stat.drop.minecraft.cooked_chicken":1,"stat.mineBlock.minecraft.iron_ore":12,"stat.sleepInBed":1,"stat.timeSinceDeath":51406,"stat.mineBlock.minecraft.dirt":19,"stat.useItem.minecraft.crafting_table":3,"stat.useItem.minecraft.iron_pickaxe":41,"stat.craftItem.minecraft.wooden_pickaxe":1,"stat.pickup.minecraft.mutton":9,"stat.walkOneCm":137578,"stat.craftItem.minecraft.bed":1,"stat.useItem.minecraft.torch":10,"stat.pickup.minecraft.crafting_table":4,"stat.useItem.minecraft.cobblestone":3,"stat.craftItem.minecraft.crafting_table":1,"stat.furnaceInteraction":11,"stat.mineBlock.minecraft.double_plant":7,"stat.mineBlock.minecraft.coal_ore":60,"stat.breakItem.minecraft.stone_pickaxe":2,"stat.pickup.minecraft.log":12,"stat.useItem.minecraft.cooked_mutton":3,"stat.pickup.minecraft.furnace":1,"stat.pickup.minecraft.stone":16,"stat.pickup.minecraft.chicken":6,"stat.killEntity.Squid":1,"stat.sprintOneCm":116305,"stat.pickup.minecraft.wooden_door":1,"stat.craftItem.minecraft.stick":16,"stat.useItem.minecraft.bed":2,"stat.craftItem.minecraft.planks":32,"stat.killEntity.Chicken":6,"stat.mineBlock.minecraft.crafting_table":3,"stat.mobKills":13,"stat.mineBlock.minecraft.log":12,"stat.mineBlock.minecraft.planks":1,"stat.deaths":2,"stat.drop":1,"stat.playOneMinute":67786,"stat.useItem.minecraft.wooden_sword":71,"stat.pickup.minecraft.torch":7,"stat.killEntity.Sheep":5,"stat.sneakTime":282,"stat.craftItem.minecraft.iron_pickaxe":1,"stat.pickup.minecraft.wool":5,"stat.killEntity.Zombie":1,"stat.pickup.minecraft.yellow_flower":2,"stat.mineBlock.minecraft.stone":252,"stat.mineBlock.minecraft.tallgrass":87,"stat.craftItem.minecraft.cooked_mutton":3,"stat.diveOneCm":1179}