{"stat.pickup.minecraft.pumpkin":13,"stat.pickup.minecraft.bone":1,"stat.useItem.minecraft.stone":3,"stat.leaveGame":2,"stat.pickup.minecraft.gravel":1,"stat.pickup.minecraft.arrow":2,"stat.mineBlock.minecraft.pumpkin":13,"stat.mineBlock.minecraft.cobblestone":5,"stat.useItem.minecraft.chicken":1,"stat.mineBlock.minecraft.yellow_flower":2,"stat.breakItem.minecraft.wooden_sword":1,"stat.useItem.minecraft.mutton":4,"stat.jump":1052,"stat.swimOneCm":3480,"stat.pickup.minecraft.coal":94,"stat.pickup.minecraft.cooked_chicken":5,"stat.fallOneCm":23637,"stat.useItem.minecraft.planks":1,"stat.pickup.minecraft.iron_ingot":3,"stat.craftItem.minecraft.shield":1,"stat.crouchOneCm":364,"stat.craftItem.minecraft.torch":8,"stat.craftItem.minecraft.iron_ingot":1,"stat.pickup.minecraft.dirt":23,"stat.useItem.minecraft.dirt":19,"stat.useItem.minecraft.cooked_chicken":4,"stat.craftingTableInteraction":35,"stat.pickup.minecraft.iron_ore":23,"stat.craftItem.minecraft.furnace":1,"stat.damageTaken":980,"stat.pickup.minecraft.feather":6,"stat.craftItem.minecraft.stone_pickaxe":2,"stat.mineBlock.minecraft.torch":11,"stat.mineBlock.minecraft.furnace":1,"stat.useItem.minecraft.wooden_pickaxe":37,"stat.useItem.minecraft.furnace":1,"stat.pickup.minecraft.cobblestone":321,"stat.craftItem.minecraft.wooden_sword":1,"stat.pickup.minecraft.dye":1,"stat.pickup.minecraft.planks":6,"stat.craftItem.minecraft.stone_sword":1,"stat.flyOneCm":140652,"stat.pickup.minecraft.bed":2,"stat.pickup.minecraft.wheat_seeds":7,"stat.entityKilledBy.Zombie":1,"stat.mineBlock.minecraft.gravel":1,"stat.useItem.minecraft.stone_pickaxe":266,"stat.useItem.minecraft.stone_sword":25,"stat.damageDealt":1363,"stat.drop.minecraft.cooked_chicken":1,"stat.mineBlock.minecraft.iron_ore":18,"stat.sleepInBed":1,"stat.timeSinceDeath":63406,"stat.mineBlock.minecraft.dirt":23,"stat.useItem.minecraft.crafting_table":3,"stat.useItem.minecraft.iron_pickaxe":178,"stat.craftItem.minecraft.wooden_pickaxe":1,"stat.pickup.minecraft.mutton":9,"stat.pickup.minecraft.double_plant":3,"stat.walkOneCm":160502,"stat.craftItem.minecraft.bed":1,"stat.useItem.minecraft.torch":16,"stat.pickup.minecraft.crafting_table":4,"stat.useItem.minecraft.cobblestone":39,"stat.craftItem.minecraft.crafting_table":1,"stat.furnaceInteraction":11,"stat.mineBlock.minecraft.double_plant":9,"stat.mineBlock.minecraft.coal_ore":98,"stat.breakItem.minecraft.stone_pickaxe":2,"stat.pickup.minecraft.log":12,"stat.pickup.minecraft.string":1,"stat.useItem.minecraft.cooked_mutton":3,"stat.pickup.minecraft.furnace":1,"stat.pickup.minecraft.stone":17,"stat.pickup.minecraft.chicken":6,"stat.killEntity.Squid":1,"stat.sprintOneCm":123768,"stat.pickup.minecraft.wooden_door":1,"stat.craftItem.minecraft.stick":32,"stat.useItem.minecraft.bed":2,"stat.craftItem.minecraft.planks":40,"stat.killEntity.Chicken":6,"stat.mineBlock.minecraft.crafting_table":3,"stat.killEntity.Spider":1,"stat.mobKills":14,"stat.mineBlock.minecraft.log":12,"stat.mineBlock.minecraft.planks":1,"stat.deaths":2,"stat.drop":1,"stat.playOneMinute":79786,"stat.useItem.minecraft.wooden_sword":71,"stat.pickup.minecraft.torch":12,"stat.killEntity.Sheep":5,"stat.sneakTime":286,"stat.craftItem.minecraft.iron_pickaxe":1,"stat.pickup.minecraft.wool":5,"stat.killEntity.Zombie":1,"stat.pickup.minecraft.yellow_flower":2,"stat.mineBlock.minecraft.stone":340,"stat.mineBlock.minecraft.tallgrass":92,"stat.craftItem.minecraft.cooked_mutton":3,"stat.diveOneCm":16388}