{"stat.pickup.minecraft.bone":3,"stat.useItem.minecraft.iron_axe":3,"stat.leaveGame":4,"stat.mineBlock.minecraft.pumpkin":13,"stat.mineBlock.minecraft.cobblestone":9,"stat.mineBlock.minecraft.yellow_flower":2,"stat.craftItem.minecraft.iron_axe":1,"stat.breakItem.minecraft.wooden_sword":1,"stat.useItem.minecraft.mutton":4,"stat.swimOneCm":5271,"stat.useItem.minecraft.planks":1,"stat.craftItem.minecraft.shield":1,"stat.breakItem.minecraft.iron_pickaxe":2,"stat.useItem.minecraft.dirt":19,"stat.craftItem.minecraft.furnace":1,"stat.craftItem.minecraft.iron_boots":1,"stat.craftItem.minecraft.stone_pickaxe":2,"stat.pickup.minecraft.cobblestone":380,"stat.craftItem.minecraft.stone_sword":1,"stat.flyOneCm":163827,"stat.craftItem.minecraft.iron_shovel":1,"stat.drop.minecraft.wheat_seeds":4,"stat.pickup.minecraft.redstone":54,"stat.mineBlock.minecraft.iron_ore":25,"stat.timeSinceDeath":104539,"stat.useItem.minecraft.iron_pickaxe":540,"stat.craftItem.minecraft.wooden_pickaxe":1,"stat.pickup.minecraft.mutton":14,"stat.useItem.minecraft.iron_shovel":14,"stat.pickup.minecraft.double_plant":3,"stat.craftItem.minecraft.bed":1,"stat.furnaceInteraction":37,"stat.drop.minecraft.gravel":3,"stat.drop.minecraft.dirt":12,"stat.mineBlock.minecraft.coal_ore":149,"stat.pickup.minecraft.string":1,"stat.useItem.minecraft.cooked_mutton":6,"stat.pickup.minecraft.furnace":4,"stat.killEntity.Squid":1,"stat.sprintOneCm":153389,"stat.pickup.minecraft.iron_chestplate":1,"stat.craftItem.minecraft.stick":40,"stat.useItem.minecraft.bed":2,"stat.mineBlock.minecraft.crafting_table":6,"stat.mineBlock.minecraft.planks":1,"stat.deaths":2,"stat.drop":16,"stat.playOneMinute":120919,"stat.useItem.minecraft.wooden_sword":71,"stat.killEntity.Sheep":8,"stat.craftItem.minecraft.iron_pickaxe":3,"stat.killEntity.Zombie":1,"stat.drop.minecraft.iron_ingot":9,"stat.mineBlock.minecraft.gold_ore":4,"stat.mineBlock.minecraft.tallgrass":96,"stat.craftItem.minecraft.cooked_mutton":10,"stat.diveOneCm":16388,"stat.pickup.minecraft.pumpkin":13,"stat.useItem.minecraft.stone":3,"stat.drop.minecraft.wooden_pickaxe":1,"stat.pickup.minecraft.gravel":3,"stat.pickup.minecraft.arrow":3,"stat.useItem.minecraft.chicken":5,"stat.jump":1403,"stat.pickup.minecraft.coal":327,"stat.pickup.minecraft.cooked_chicken":6,"stat.fallOneCm":28986,"stat.pickup.minecraft.iron_ingot":9,"stat.drop.minecraft.stone":15,"stat.crouchOneCm":364,"stat.craftItem.minecraft.torch":8,"stat.craftItem.minecraft.iron_ingot":53,"stat.pickup.minecraft.dirt":31,"stat.craftItem.minecraft.iron_helmet":1,"stat.useItem.minecraft.cooked_chicken":5,"stat.craftingTableInteraction":44,"stat.pickup.minecraft.iron_ore":34,"stat.pickup.minecraft.gold_ore":4,"stat.mineBlock.minecraft.lapis_ore":4,"stat.pickup.minecraft.wooden_pickaxe":1,"stat.damageTaken":1165,"stat.pickup.minecraft.feather":6,"stat.drop.minecraft.bone":1,"stat.mineBlock.minecraft.torch":11,"stat.mineBlock.minecraft.furnace":4,"stat.useItem.minecraft.wooden_pickaxe":43,"stat.useItem.minecraft.furnace":3,"stat.craftItem.minecraft.wooden_sword":1,"stat.pickup.minecraft.dye":28,"stat.pickup.minecraft.planks":11,"stat.pickup.minecraft.bed":2,"stat.pickup.minecraft.wheat_seeds":11,"stat.entityKilledBy.Zombie":1,"stat.mineBlock.minecraft.gravel":2,"stat.useItem.minecraft.stone_pickaxe":266,"stat.useItem.minecraft.stone_sword":25,"stat.craftItem.minecraft.iron_leggings":1,"stat.damageDealt":1814,"stat.drop.minecraft.cooked_chicken":1,"stat.sleepInBed":1,"stat.mineBlock.minecraft.dirt":39,"stat.useItem.minecraft.crafting_table":7,"stat.craftItem.minecraft.iron_sword":1,"stat.walkOneCm":211135,"stat.useItem.minecraft.torch":18,"stat.pickup.minecraft.stick":15,"stat.pickup.minecraft.crafting_table":7,"stat.useItem.minecraft.cobblestone":74,"stat.craftItem.minecraft.crafting_table":2,"stat.mineBlock.minecraft.double_plant":9,"stat.breakItem.minecraft.stone_pickaxe":2,"stat.pickup.minecraft.log":12,"stat.drop.minecraft.iron_chestplate":1,"stat.pickup.minecraft.stone":47,"stat.drop.minecraft.planks":2,"stat.craftItem.minecraft.iron_chestplate":2,"stat.pickup.minecraft.chicken":6,"stat.pickup.minecraft.wooden_door":1,"stat.killEntity.Skeleton":1,"stat.craftItem.minecraft.planks":48,"stat.useItem.minecraft.iron_sword":29,"stat.killEntity.Chicken":6,"stat.drop.minecraft.crafting_table":1,"stat.killEntity.Spider":1,"stat.pickup.minecraft.stone_sword":1,"stat.mobKills":18,"stat.mineBlock.minecraft.log":12,"stat.craftItem.minecraft.cooked_chicken":1,"stat.pickup.minecraft.torch":12,"stat.mineBlock.minecraft.redstone_ore":15,"stat.sneakTime":291,"stat.pickup.minecraft.wool":8,"stat.pickup.minecraft.yellow_flower":2,"stat.mineBlock.minecraft.stone":617}