{"stat.useItem.minecraft.bow":5,"stat.leaveGame":13,"stat.craftItem.minecraft.iron_axe":2,"stat.breakItem.minecraft.wooden_sword":1,"stat.useItem.minecraft.mutton":7,"stat.useItem.minecraft.planks":21,"stat.craftItem.minecraft.shield":1,"stat.drop.minecraft.feather":2,"stat.pickup.minecraft.porkchop":14,"stat.drop.minecraft.iron_sword":2,"stat.pickup.minecraft.rotten_flesh":36,"stat.pickup.minecraft.sand":4,"stat.pickup.minecraft.bucket":2,"stat.craftItem.minecraft.stone_sword":1,"stat.craftItem.minecraft.iron_shovel":3,"stat.pickup.minecraft.brown_mushroom":31,"stat.mineBlock.minecraft.sand":1,"stat.useItem.minecraft.iron_pickaxe":1162,"stat.drop.minecraft.diamond":1,"stat.craftItem.minecraft.wooden_pickaxe":1,"stat.useItem.minecraft.iron_shovel":1153,"stat.pickup.minecraft.double_plant":23,"stat.craftItem.minecraft.bed":1,"stat.furnaceInteraction":95,"stat.drop.minecraft.gravel":24,"stat.useItem.minecraft.cooked_mutton":12,"stat.pickup.minecraft.furnace":7,"stat.pickup.minecraft.iron_chestplate":8,"stat.useItem.minecraft.wheat_seeds":9,"stat.deaths":10,"stat.pickup.minecraft.egg":15,"stat.playOneMinute":553942,"stat.craftItem.minecraft.iron_pickaxe":5,"stat.useItem.minecraft.shears":88,"stat.drop.minecraft.iron_ingot":9,"stat.drop.minecraft.torch":1,"stat.mineBlock.minecraft.tallgrass":180,"stat.craftItem.minecraft.cooked_mutton":15,"stat.pickup.minecraft.cooked_mutton":10,"stat.chestOpened":58,"stat.pickup.minecraft.pumpkin":13,"stat.pickup.minecraft.spruce_door":5,"stat.useItem.minecraft.stone":5,"stat.pickup.minecraft.arrow":18,"stat.pickup.minecraft.iron_sword":8,"stat.drop.minecraft.flint":2,"stat.drop.minecraft.iron_pickaxe":1,"stat.craftItem.minecraft.iron_hoe":2,"stat.pickup.minecraft.cooked_chicken":6,"stat.fallOneCm":162371,"stat.drop.minecraft.stone":38,"stat.drop.minecraft.stone_sword":1,"stat.crouchOneCm":8728,"stat.craftItem.minecraft.iron_ingot":53,"stat.craftItem.minecraft.chest":2,"stat.craftingTableInteraction":90,"stat.pickup.minecraft.wooden_pickaxe":1,"stat.pickup.minecraft.feather":34,"stat.drop.minecraft.bone":3,"stat.useItem.minecraft.furnace":7,"stat.useItem.minecraft.reeds":6,"stat.craftItem.minecraft.wooden_sword":1,"stat.pickup.minecraft.dye":109,"stat.pickup.minecraft.planks":215,"stat.pickup.minecraft.iron_leggings":6,"stat.mineBlock.minecraft.spruce_fence":5,"stat.pickup.minecraft.wheat_seeds":50,"stat.mineBlock.minecraft.gravel":16,"stat.useItem.minecraft.stone_pickaxe":266,"stat.drop.minecraft.spruce_fence":2,"stat.useItem.minecraft.stone_sword":25,"stat.craftItem.minecraft.iron_leggings":2,"stat.useItem.minecraft.wool":10,"stat.mineBlock.minecraft.dirt":1261,"stat.drop.minecraft.iron_axe":1,"stat.useItem.minecraft.torch":166,"stat.drop.minecraft.rotten_flesh":21,"stat.pickup.minecraft.crafting_table":11,"stat.useItem.minecraft.log":70,"stat.useItem.minecraft.cobblestone":230,"stat.craftItem.minecraft.crafting_table":3,"stat.useItem.minecraft.gravel":3,"stat.mineBlock.minecraft.double_plant":30,"stat.pickup.minecraft.iron_hoe":5,"stat.pickup.minecraft.log":624,"stat.pickup.minecraft.iron_pickaxe":7,"stat.drop.minecraft.planks":2,"stat.pickup.minecraft.chicken":26,"stat.pickup.minecraft.sapling":82,"stat.pickup.minecraft.wooden_door":4,"stat.pickup.minecraft.apple":1,"stat.breakItem.minecraft.stone_shovel":1,"stat.craftItem.minecraft.bucket":1,"stat.craftItem.minecraft.planks":336,"stat.useItem.minecraft.iron_sword":406,"stat.pickup.minecraft.stone_sword":5,"stat.useItem.minecraft.stonebrick":252,"stat.mineBlock.minecraft.log":229,"stat.craftItem.minecraft.cooked_chicken":17,"stat.useItem.minecraft.spruce_door":7,"stat.pickup.minecraft.red_flower":5,"stat.sneakTime":3456,"stat.pickup.minecraft.wool":63,"stat.craftItem.minecraft.spruce_fence_gate":2,"stat.drop.minecraft.yellow_flower":3,"stat.pickup.minecraft.yellow_flower":8,"stat.craftItem.minecraft.spruce_door":6,"stat.pickup.minecraft.bone":9,"stat.useItem.minecraft.iron_axe":300,"stat.mineBlock.minecraft.pumpkin":13,"stat.mineBlock.minecraft.cobblestone":86,"stat.pickup.minecraft.flint":2,"stat.mineBlock.minecraft.yellow_flower":4,"stat.mineBlock.minecraft.brown_mushroom":9,"stat.swimOneCm":67233,"stat.mineBlock.minecraft.spruce_stairs":12,"stat.drop.minecraft.cobblestone":104,"stat.pickup.minecraft.cooked_porkchop":11,"stat.drop.minecraft.brown_mushroom":16,"stat.breakItem.minecraft.iron_pickaxe":3,"stat.useItem.minecraft.dirt":403,"stat.pickup.minecraft.bow":2,"stat.pickup.minecraft.iron_boots":6,"stat.craftItem.minecraft.furnace":1,"stat.useItem.minecraft.egg":1,"stat.craftItem.minecraft.iron_boots":2,"stat.craftItem.minecraft.stone_pickaxe":2,"stat.pickup.minecraft.shears":4,"stat.pickup.minecraft.cobblestone":921,"stat.craftItem.minecraft.bow":1,"stat.useItem.minecraft.spruce_fence_gate":2,"stat.useItem.minecraft.stone_shovel":136,"stat.flyOneCm":940492,"stat.drop.minecraft.wheat_seeds":4,"stat.pickup.minecraft.redstone":246,"stat.mineBlock.minecraft.iron_ore":123,"stat.timeSinceDeath":9595,"stat.pickup.minecraft.mutton":76,"stat.craftItem.minecraft.stonebrick":196,"stat.pickup.minecraft.stonebrick":129,"stat.pickup.minecraft.spruce_fence":11,"stat.drop.minecraft.dirt":291,"stat.killEntity.Wolf":1,"stat.pickup.minecraft.iron_shovel":9,"stat.useItem.minecraft.cooked_porkchop":14,"stat.mineBlock.minecraft.coal_ore":290,"stat.pickup.minecraft.shield":7,"stat.breakItem.minecraft.iron_sword":1,"stat.pickup.minecraft.string":16,"stat.entityKilledBy.Skeleton":1,"stat.useItem.minecraft.spruce_fence":30,"stat.killEntity.Squid":1,"stat.sprintOneCm":648098,"stat.craftItem.minecraft.stick":116,"stat.useItem.minecraft.bed":4,"stat.craftItem.minecraft.stone":239,"stat.mineBlock.minecraft.crafting_table":8,"stat.entityKilledBy.Creeper":2,"stat.mineBlock.minecraft.planks":8,"stat.drop":129,"stat.useItem.minecraft.wooden_sword":71,"stat.killEntity.Sheep":27,"stat.breakItem.minecraft.iron_shovel":3,"stat.killEntity.Zombie":10,"stat.mineBlock.minecraft.gold_ore":23,"stat.diveOneCm":60582,"stat.pickup.minecraft.wheat":7,"stat.drop.minecraft.wooden_pickaxe":1,"stat.pickup.minecraft.gravel":27,"stat.useItem.minecraft.chicken":9,"stat.useItem.minecraft.apple":1,"stat.jump":6263,"stat.pickup.minecraft.coal":779,"stat.pickup.minecraft.iron_helmet":6,"stat.pickup.minecraft.iron_ingot":128,"stat.pickup.minecraft.spider_eye":3,"stat.craftItem.minecraft.torch":172,"stat.pickup.minecraft.dirt":2025,"stat.craftItem.minecraft.iron_helmet":1,"stat.drop.minecraft.bed":1,"stat.useItem.minecraft.cooked_chicken":21,"stat.pickup.minecraft.iron_ore":201,"stat.pickup.minecraft.gold_ore":61,"stat.useItem.minecraft.sapling":1,"stat.mineBlock.minecraft.lapis_ore":4,"stat.pickup.minecraft.iron_axe":7,"stat.pickup.minecraft.leaves":73,"stat.damageTaken":5059,"stat.drop.minecraft.iron_hoe":1,"stat.mineBlock.minecraft.torch":61,"stat.mineBlock.minecraft.furnace":7,"stat.mineBlock.minecraft.red_flower":1,"stat.useItem.minecraft.wooden_pickaxe":43,"stat.pickup.minecraft.reeds":36,"stat.pickup.minecraft.bed":4,"stat.entityKilledBy.Zombie":2,"stat.damageDealt":8554,"stat.drop.minecraft.cooked_chicken":1,"stat.sleepInBed":18,"stat.useItem.minecraft.crafting_table":9,"stat.killEntity.Pig":7,"stat.craftItem.minecraft.iron_sword":2,"stat.craftItem.minecraft.stone_shovel":1,"stat.walkOneCm":972042,"stat.useItem.minecraft.chest":2,"stat.pickup.minecraft.stick":33,"stat.breakItem.minecraft.stone_pickaxe":2,"stat.drop.minecraft.iron_chestplate":1,"stat.pickup.minecraft.stone":93,"stat.useItem.minecraft.spruce_stairs":19,"stat.craftItem.minecraft.iron_chestplate":2,"stat.mineBlock.minecraft.wool":9,"stat.useItem.minecraft.leaves":17,"stat.killEntity.Skeleton":4,"stat.mineBlock.minecraft.stonebrick":23,"stat.killEntity.Chicken":25,"stat.drop.minecraft.crafting_table":1,"stat.killEntity.Spider":4,"stat.craftItem.minecraft.spruce_fence":27,"stat.mobKills":80,"stat.craftItem.minecraft.shears":1,"stat.pickup.minecraft.diamond":1,"stat.mineBlock.minecraft.leaves":154,"stat.pickup.minecraft.torch":428,"stat.pickup.minecraft.spruce_stairs":12,"stat.mineBlock.minecraft.redstone_ore":16,"stat.craftItem.minecraft.spruce_stairs":28,"stat.drop.minecraft.shears":1,"stat.mineBlock.minecraft.stone":851}