{"stat.pickup.minecraft.pumpkin":13,"stat.walkOneCm":14003,"stat.craftItem.minecraft.planks":20,"stat.leaveGame":1,"stat.mineBlock.minecraft.pumpkin":13,"stat.damageTaken":20,"stat.mineBlock.minecraft.double_plant":2,"stat.mineBlock.minecraft.log":5,"stat.pickup.minecraft.planks":6,"stat.pickup.minecraft.log":5,"stat.flyOneCm":8780,"stat.mineBlock.minecraft.planks":1,"stat.pickup.minecraft.wheat_seeds":3,"stat.jump":71,"stat.playOneMinute":10602,"stat.fallOneCm":2332,"stat.useItem.minecraft.planks":1,"stat.sneakTime":235,"stat.damageDealt":20,"stat.crouchOneCm":64,"stat.timeSinceDeath":10602,"stat.sprintOneCm":11528,"stat.mineBlock.minecraft.tallgrass":17,"stat.craftItem.minecraft.stick":4,"stat.craftingTableInteraction":10}