{"stat.pickup.minecraft.bone":7,"stat.useItem.minecraft.iron_axe":175,"stat.leaveGame":7,"stat.mineBlock.minecraft.pumpkin":13,"stat.mineBlock.minecraft.cobblestone":24,"stat.mineBlock.minecraft.yellow_flower":2,"stat.craftItem.minecraft.iron_axe":1,"stat.mineBlock.minecraft.brown_mushroom":1,"stat.breakItem.minecraft.wooden_sword":1,"stat.useItem.minecraft.mutton":5,"stat.swimOneCm":12586,"stat.useItem.minecraft.planks":1,"stat.craftItem.minecraft.shield":1,"stat.drop.minecraft.cobblestone":1,"stat.breakItem.minecraft.iron_pickaxe":2,"stat.useItem.minecraft.dirt":100,"stat.drop.minecraft.iron_sword":1,"stat.pickup.minecraft.rotten_flesh":3,"stat.pickup.minecraft.sand":1,"stat.craftItem.minecraft.furnace":1,"stat.craftItem.minecraft.iron_boots":1,"stat.craftItem.minecraft.stone_pickaxe":2,"stat.pickup.minecraft.cobblestone":488,"stat.useItem.minecraft.stone_shovel":136,"stat.craftItem.minecraft.stone_sword":1,"stat.flyOneCm":225525,"stat.craftItem.minecraft.iron_shovel":2,"stat.pickup.minecraft.brown_mushroom":1,"stat.mineBlock.minecraft.sand":1,"stat.drop.minecraft.wheat_seeds":4,"stat.pickup.minecraft.redstone":54,"stat.mineBlock.minecraft.iron_ore":74,"stat.timeSinceDeath":220746,"stat.useItem.minecraft.iron_pickaxe":629,"stat.craftItem.minecraft.wooden_pickaxe":1,"stat.pickup.minecraft.mutton":15,"stat.useItem.minecraft.iron_shovel":711,"stat.pickup.minecraft.double_plant":3,"stat.craftItem.minecraft.bed":1,"stat.furnaceInteraction":54,"stat.drop.minecraft.gravel":3,"stat.drop.minecraft.dirt":15,"stat.killEntity.Wolf":1,"stat.pickup.minecraft.iron_shovel":2,"stat.mineBlock.minecraft.coal_ore":156,"stat.pickup.minecraft.string":1,"stat.useItem.minecraft.cooked_mutton":11,"stat.pickup.minecraft.furnace":7,"stat.killEntity.Squid":1,"stat.sprintOneCm":272087,"stat.pickup.minecraft.iron_chestplate":1,"stat.craftItem.minecraft.stick":68,"stat.useItem.minecraft.bed":3,"stat.mineBlock.minecraft.crafting_table":6,"stat.mineBlock.minecraft.planks":1,"stat.deaths":2,"stat.drop":24,"stat.playOneMinute":237126,"stat.useItem.minecraft.wooden_sword":71,"stat.killEntity.Sheep":9,"stat.breakItem.minecraft.iron_shovel":2,"stat.craftItem.minecraft.iron_pickaxe":3,"stat.killEntity.Zombie":2,"stat.drop.minecraft.iron_ingot":9,"stat.mineBlock.minecraft.gold_ore":4,"stat.mineBlock.minecraft.tallgrass":107,"stat.craftItem.minecraft.cooked_mutton":11,"stat.diveOneCm":29373,"stat.chestOpened":21,"stat.pickup.minecraft.pumpkin":13,"stat.pickup.minecraft.spruce_door":2,"stat.useItem.minecraft.stone":3,"stat.drop.minecraft.wooden_pickaxe":1,"stat.pickup.minecraft.gravel":3,"stat.pickup.minecraft.arrow":4,"stat.pickup.minecraft.iron_sword":1,"stat.useItem.minecraft.chicken":9,"stat.jump":2145,"stat.pickup.minecraft.coal":439,"stat.pickup.minecraft.cooked_chicken":6,"stat.fallOneCm":43496,"stat.pickup.minecraft.iron_ingot":24,"stat.drop.minecraft.stone":15,"stat.drop.minecraft.stone_sword":1,"stat.crouchOneCm":4624,"stat.craftItem.minecraft.torch":164,"stat.craftItem.minecraft.iron_ingot":53,"stat.craftItem.minecraft.chest":2,"stat.pickup.minecraft.dirt":706,"stat.craftItem.minecraft.iron_helmet":1,"stat.useItem.minecraft.cooked_chicken":5,"stat.craftingTableInteraction":59,"stat.pickup.minecraft.iron_ore":83,"stat.pickup.minecraft.gold_ore":4,"stat.mineBlock.minecraft.lapis_ore":4,"stat.pickup.minecraft.wooden_pickaxe":1,"stat.damageTaken":1545,"stat.pickup.minecraft.feather":9,"stat.drop.minecraft.bone":3,"stat.mineBlock.minecraft.torch":19,"stat.mineBlock.minecraft.furnace":7,"stat.mineBlock.minecraft.red_flower":1,"stat.useItem.minecraft.wooden_pickaxe":43,"stat.useItem.minecraft.furnace":7,"stat.craftItem.minecraft.wooden_sword":1,"stat.pickup.minecraft.dye":28,"stat.pickup.minecraft.planks":11,"stat.pickup.minecraft.bed":2,"stat.pickup.minecraft.wheat_seeds":13,"stat.entityKilledBy.Zombie":1,"stat.mineBlock.minecraft.gravel":2,"stat.useItem.minecraft.stone_pickaxe":266,"stat.useItem.minecraft.stone_sword":25,"stat.craftItem.minecraft.iron_leggings":1,"stat.damageDealt":2765,"stat.drop.minecraft.cooked_chicken":1,"stat.sleepInBed":6,"stat.mineBlock.minecraft.dirt":842,"stat.useItem.minecraft.crafting_table":7,"stat.craftItem.minecraft.iron_sword":1,"stat.craftItem.minecraft.stone_shovel":1,"stat.walkOneCm":424969,"stat.useItem.minecraft.torch":94,"stat.useItem.minecraft.chest":2,"stat.pickup.minecraft.stick":15,"stat.pickup.minecraft.crafting_table":7,"stat.useItem.minecraft.cobblestone":230,"stat.craftItem.minecraft.crafting_table":2,"stat.mineBlock.minecraft.double_plant":20,"stat.breakItem.minecraft.stone_pickaxe":2,"stat.pickup.minecraft.log":158,"stat.drop.minecraft.iron_chestplate":1,"stat.pickup.minecraft.stone":47,"stat.drop.minecraft.planks":2,"stat.craftItem.minecraft.iron_chestplate":2,"stat.pickup.minecraft.chicken":10,"stat.pickup.minecraft.sapling":11,"stat.pickup.minecraft.wooden_door":1,"stat.breakItem.minecraft.stone_shovel":1,"stat.killEntity.Skeleton":2,"stat.craftItem.minecraft.planks":180,"stat.useItem.minecraft.iron_sword":53,"stat.killEntity.Chicken":10,"stat.drop.minecraft.crafting_table":1,"stat.killEntity.Spider":1,"stat.pickup.minecraft.stone_sword":2,"stat.mobKills":27,"stat.mineBlock.minecraft.log":161,"stat.craftItem.minecraft.cooked_chicken":1,"stat.useItem.minecraft.spruce_door":5,"stat.mineBlock.minecraft.leaves":60,"stat.pickup.minecraft.torch":22,"stat.pickup.minecraft.red_flower":5,"stat.mineBlock.minecraft.redstone_ore":15,"stat.sneakTime":1530,"stat.pickup.minecraft.wool":9,"stat.pickup.minecraft.yellow_flower":2,"stat.mineBlock.minecraft.stone":631,"stat.craftItem.minecraft.spruce_door":3}