{"stat.leaveGame":8,"stat.craftItem.minecraft.iron_axe":1,"stat.breakItem.minecraft.wooden_sword":1,"stat.useItem.minecraft.mutton":5,"stat.useItem.minecraft.planks":1,"stat.craftItem.minecraft.shield":1,"stat.drop.minecraft.iron_sword":1,"stat.pickup.minecraft.rotten_flesh":8,"stat.pickup.minecraft.sand":2,"stat.craftItem.minecraft.stone_sword":1,"stat.craftItem.minecraft.iron_shovel":2,"stat.pickup.minecraft.brown_mushroom":3,"stat.mineBlock.minecraft.sand":1,"stat.useItem.minecraft.iron_pickaxe":760,"stat.craftItem.minecraft.wooden_pickaxe":1,"stat.useItem.minecraft.iron_shovel":978,"stat.pickup.minecraft.double_plant":3,"stat.craftItem.minecraft.bed":1,"stat.furnaceInteraction":73,"stat.drop.minecraft.gravel":3,"stat.useItem.minecraft.cooked_mutton":11,"stat.pickup.minecraft.furnace":7,"stat.pickup.minecraft.iron_chestplate":3,"stat.deaths":3,"stat.playOneMinute":314304,"stat.craftItem.minecraft.iron_pickaxe":4,"stat.drop.minecraft.iron_ingot":9,"stat.mineBlock.minecraft.tallgrass":107,"stat.craftItem.minecraft.cooked_mutton":11,"stat.chestOpened":27,"stat.pickup.minecraft.pumpkin":13,"stat.pickup.minecraft.spruce_door":3,"stat.useItem.minecraft.stone":5,"stat.pickup.minecraft.arrow":5,"stat.pickup.minecraft.iron_sword":2,"stat.pickup.minecraft.cooked_chicken":6,"stat.fallOneCm":55685,"stat.drop.minecraft.stone":15,"stat.drop.minecraft.stone_sword":1,"stat.crouchOneCm":5229,"stat.craftItem.minecraft.iron_ingot":53,"stat.craftItem.minecraft.chest":2,"stat.craftingTableInteraction":61,"stat.pickup.minecraft.wooden_pickaxe":1,"stat.pickup.minecraft.feather":9,"stat.drop.minecraft.bone":3,"stat.useItem.minecraft.furnace":7,"stat.craftItem.minecraft.wooden_sword":1,"stat.pickup.minecraft.dye":55,"stat.pickup.minecraft.planks":14,"stat.pickup.minecraft.iron_leggings":1,"stat.pickup.minecraft.wheat_seeds":13,"stat.mineBlock.minecraft.gravel":2,"stat.useItem.minecraft.stone_pickaxe":266,"stat.useItem.minecraft.stone_sword":25,"stat.craftItem.minecraft.iron_leggings":1,"stat.mineBlock.minecraft.dirt":1121,"stat.useItem.minecraft.torch":106,"stat.pickup.minecraft.crafting_table":7,"stat.useItem.minecraft.log":67,"stat.useItem.minecraft.cobblestone":230,"stat.craftItem.minecraft.crafting_table":2,"stat.mineBlock.minecraft.double_plant":20,"stat.pickup.minecraft.log":307,"stat.pickup.minecraft.iron_pickaxe":1,"stat.drop.minecraft.planks":2,"stat.pickup.minecraft.chicken":10,"stat.pickup.minecraft.sapling":38,"stat.pickup.minecraft.wooden_door":2,"stat.breakItem.minecraft.stone_shovel":1,"stat.craftItem.minecraft.planks":180,"stat.useItem.minecraft.iron_sword":61,"stat.pickup.minecraft.stone_sword":3,"stat.useItem.minecraft.stonebrick":251,"stat.mineBlock.minecraft.log":220,"stat.craftItem.minecraft.cooked_chicken":3,"stat.useItem.minecraft.spruce_door":5,"stat.pickup.minecraft.red_flower":5,"stat.sneakTime":1725,"stat.pickup.minecraft.wool":10,"stat.pickup.minecraft.yellow_flower":3,"stat.craftItem.minecraft.spruce_door":3,"stat.pickup.minecraft.bone":7,"stat.useItem.minecraft.iron_axe":248,"stat.mineBlock.minecraft.pumpkin":13,"stat.mineBlock.minecraft.cobblestone":85,"stat.mineBlock.minecraft.yellow_flower":2,"stat.mineBlock.minecraft.brown_mushroom":1,"stat.swimOneCm":12586,"stat.drop.minecraft.cobblestone":1,"stat.breakItem.minecraft.iron_pickaxe":3,"stat.useItem.minecraft.dirt":129,"stat.pickup.minecraft.iron_boots":1,"stat.craftItem.minecraft.furnace":1,"stat.craftItem.minecraft.iron_boots":1,"stat.craftItem.minecraft.stone_pickaxe":2,"stat.pickup.minecraft.cobblestone":590,"stat.useItem.minecraft.stone_shovel":136,"stat.flyOneCm":263385,"stat.drop.minecraft.wheat_seeds":4,"stat.pickup.minecraft.redstone":118,"stat.mineBlock.minecraft.iron_ore":74,"stat.timeSinceDeath":73586,"stat.pickup.minecraft.mutton":15,"stat.craftItem.minecraft.stonebrick":196,"stat.pickup.minecraft.stonebrick":97,"stat.drop.minecraft.dirt":15,"stat.killEntity.Wolf":1,"stat.pickup.minecraft.iron_shovel":4,"stat.mineBlock.minecraft.coal_ore":156,"stat.pickup.minecraft.shield":1,"stat.pickup.minecraft.string":1,"stat.killEntity.Squid":1,"stat.sprintOneCm":324844,"stat.craftItem.minecraft.stick":72,"stat.useItem.minecraft.bed":4,"stat.craftItem.minecraft.stone":197,"stat.mineBlock.minecraft.crafting_table":6,"stat.mineBlock.minecraft.planks":3,"stat.drop":25,"stat.useItem.minecraft.wooden_sword":71,"stat.killEntity.Sheep":9,"stat.breakItem.minecraft.iron_shovel":3,"stat.killEntity.Zombie":3,"stat.mineBlock.minecraft.gold_ore":4,"stat.diveOneCm":29373,"stat.drop.minecraft.wooden_pickaxe":1,"stat.pickup.minecraft.gravel":3,"stat.useItem.minecraft.chicken":9,"stat.jump":2585,"stat.pickup.minecraft.coal":439,"stat.pickup.minecraft.iron_helmet":1,"stat.pickup.minecraft.iron_ingot":43,"stat.craftItem.minecraft.torch":164,"stat.pickup.minecraft.dirt":1168,"stat.craftItem.minecraft.iron_helmet":1,"stat.drop.minecraft.bed":1,"stat.useItem.minecraft.cooked_chicken":7,"stat.pickup.minecraft.iron_ore":83,"stat.pickup.minecraft.gold_ore":4,"stat.mineBlock.minecraft.lapis_ore":4,"stat.pickup.minecraft.iron_axe":1,"stat.damageTaken":1879,"stat.mineBlock.minecraft.torch":31,"stat.mineBlock.minecraft.furnace":7,"stat.mineBlock.minecraft.red_flower":1,"stat.useItem.minecraft.wooden_pickaxe":43,"stat.pickup.minecraft.bed":4,"stat.entityKilledBy.Zombie":1,"stat.damageDealt":2871,"stat.drop.minecraft.cooked_chicken":1,"stat.sleepInBed":11,"stat.useItem.minecraft.crafting_table":7,"stat.craftItem.minecraft.iron_sword":1,"stat.craftItem.minecraft.stone_shovel":1,"stat.walkOneCm":557808,"stat.useItem.minecraft.chest":2,"stat.pickup.minecraft.stick":15,"stat.breakItem.minecraft.stone_pickaxe":2,"stat.drop.minecraft.iron_chestplate":1,"stat.pickup.minecraft.stone":50,"stat.craftItem.minecraft.iron_chestplate":2,"stat.killEntity.Skeleton":2,"stat.mineBlock.minecraft.stonebrick":12,"stat.killEntity.Chicken":10,"stat.drop.minecraft.crafting_table":1,"stat.killEntity.Spider":1,"stat.mobKills":28,"stat.mineBlock.minecraft.leaves":70,"stat.pickup.minecraft.torch":127,"stat.mineBlock.minecraft.redstone_ore":15,"stat.mineBlock.minecraft.stone":685}