{"stat.pickup.minecraft.pumpkin":13,"stat.walkOneCm":64967,"stat.leaveGame":2,"stat.mineBlock.minecraft.pumpkin":13,"stat.pickup.minecraft.crafting_table":2,"stat.useItem.minecraft.chicken":1,"stat.craftItem.minecraft.crafting_table":1,"stat.mineBlock.minecraft.yellow_flower":2,"stat.mineBlock.minecraft.double_plant":6,"stat.mineBlock.minecraft.coal_ore":6,"stat.pickup.minecraft.log":12,"stat.useItem.minecraft.mutton":4,"stat.jump":480,"stat.swimOneCm":1503,"stat.pickup.minecraft.coal":6,"stat.fallOneCm":10520,"stat.useItem.minecraft.planks":1,"stat.crouchOneCm":85,"stat.pickup.minecraft.chicken":1,"stat.pickup.minecraft.dirt":13,"stat.useItem.minecraft.dirt":8,"stat.sprintOneCm":64212,"stat.craftItem.minecraft.stick":8,"stat.craftingTableInteraction":16,"stat.craftItem.minecraft.planks":32,"stat.killEntity.Chicken":1,"stat.damageTaken":450,"stat.mineBlock.minecraft.crafting_table":2,"stat.useItem.minecraft.wooden_pickaxe":15,"stat.mobKills":4,"stat.craftItem.minecraft.wooden_sword":1,"stat.mineBlock.minecraft.log":12,"stat.pickup.minecraft.planks":6,"stat.flyOneCm":74976,"stat.mineBlock.minecraft.planks":1,"stat.deaths":2,"stat.pickup.minecraft.wheat_seeds":7,"stat.playOneMinute":31786,"stat.entityKilledBy.Zombie":1,"stat.useItem.minecraft.wooden_sword":8,"stat.killEntity.Sheep":3,"stat.sneakTime":242,"stat.pickup.minecraft.wool":3,"stat.damageDealt":557,"stat.timeSinceDeath":15406,"stat.pickup.minecraft.yellow_flower":2,"stat.mineBlock.minecraft.dirt":16,"stat.useItem.minecraft.crafting_table":1,"stat.craftItem.minecraft.wooden_pickaxe":1,"stat.mineBlock.minecraft.tallgrass":80,"stat.diveOneCm":622,"stat.pickup.minecraft.mutton":6}