{"stat.leaveGame":9,"stat.craftItem.minecraft.iron_axe":2,"stat.breakItem.minecraft.wooden_sword":1,"stat.useItem.minecraft.mutton":7,"stat.useItem.minecraft.planks":21,"stat.craftItem.minecraft.shield":1,"stat.drop.minecraft.iron_sword":2,"stat.pickup.minecraft.rotten_flesh":18,"stat.pickup.minecraft.sand":4,"stat.craftItem.minecraft.stone_sword":1,"stat.craftItem.minecraft.iron_shovel":3,"stat.pickup.minecraft.brown_mushroom":9,"stat.mineBlock.minecraft.sand":1,"stat.useItem.minecraft.iron_pickaxe":780,"stat.craftItem.minecraft.wooden_pickaxe":1,"stat.useItem.minecraft.iron_shovel":1026,"stat.pickup.minecraft.double_plant":3,"stat.craftItem.minecraft.bed":1,"stat.furnaceInteraction":73,"stat.drop.minecraft.gravel":3,"stat.useItem.minecraft.cooked_mutton":11,"stat.pickup.minecraft.furnace":7,"stat.pickup.minecraft.iron_chestplate":5,"stat.deaths":5,"stat.playOneMinute":364893,"stat.craftItem.minecraft.iron_pickaxe":4,"stat.drop.minecraft.iron_ingot":9,"stat.mineBlock.minecraft.tallgrass":107,"stat.craftItem.minecraft.cooked_mutton":11,"stat.chestOpened":31,"stat.pickup.minecraft.pumpkin":13,"stat.pickup.minecraft.spruce_door":5,"stat.useItem.minecraft.stone":5,"stat.pickup.minecraft.arrow":7,"stat.pickup.minecraft.iron_sword":5,"stat.pickup.minecraft.cooked_chicken":6,"stat.fallOneCm":75277,"stat.drop.minecraft.stone":15,"stat.drop.minecraft.stone_sword":1,"stat.crouchOneCm":7011,"stat.craftItem.minecraft.iron_ingot":53,"stat.craftItem.minecraft.chest":2,"stat.craftingTableInteraction":67,"stat.pickup.minecraft.wooden_pickaxe":1,"stat.pickup.minecraft.feather":9,"stat.drop.minecraft.bone":3,"stat.useItem.minecraft.furnace":7,"stat.craftItem.minecraft.wooden_sword":1,"stat.pickup.minecraft.dye":109,"stat.pickup.minecraft.planks":49,"stat.pickup.minecraft.iron_leggings":3,"stat.pickup.minecraft.wheat_seeds":13,"stat.mineBlock.minecraft.gravel":2,"stat.useItem.minecraft.stone_pickaxe":266,"stat.useItem.minecraft.stone_sword":25,"stat.craftItem.minecraft.iron_leggings":2,"stat.mineBlock.minecraft.dirt":1199,"stat.useItem.minecraft.torch":106,"stat.drop.minecraft.rotten_flesh":6,"stat.pickup.minecraft.crafting_table":7,"stat.useItem.minecraft.log":70,"stat.useItem.minecraft.cobblestone":230,"stat.craftItem.minecraft.crafting_table":2,"stat.mineBlock.minecraft.double_plant":22,"stat.pickup.minecraft.log":617,"stat.pickup.minecraft.iron_pickaxe":3,"stat.drop.minecraft.planks":2,"stat.pickup.minecraft.chicken":10,"stat.pickup.minecraft.sapling":81,"stat.pickup.minecraft.wooden_door":4,"stat.breakItem.minecraft.stone_shovel":1,"stat.craftItem.minecraft.planks":312,"stat.useItem.minecraft.iron_sword":79,"stat.pickup.minecraft.stone_sword":5,"stat.useItem.minecraft.stonebrick":251,"stat.mineBlock.minecraft.log":223,"stat.craftItem.minecraft.cooked_chicken":3,"stat.useItem.minecraft.spruce_door":5,"stat.pickup.minecraft.red_flower":5,"stat.sneakTime":2678,"stat.pickup.minecraft.wool":14,"stat.drop.minecraft.yellow_flower":3,"stat.pickup.minecraft.yellow_flower":7,"stat.craftItem.minecraft.spruce_door":3,"stat.pickup.minecraft.bone":7,"stat.useItem.minecraft.iron_axe":264,"stat.mineBlock.minecraft.pumpkin":13,"stat.mineBlock.minecraft.cobblestone":85,"stat.mineBlock.minecraft.yellow_flower":2,"stat.mineBlock.minecraft.brown_mushroom":1,"stat.swimOneCm":13463,"stat.mineBlock.minecraft.spruce_stairs":11,"stat.drop.minecraft.cobblestone":1,"stat.drop.minecraft.brown_mushroom":2,"stat.breakItem.minecraft.iron_pickaxe":3,"stat.useItem.minecraft.dirt":188,"stat.pickup.minecraft.iron_boots":3,"stat.craftItem.minecraft.furnace":1,"stat.craftItem.minecraft.iron_boots":2,"stat.craftItem.minecraft.stone_pickaxe":2,"stat.pickup.minecraft.cobblestone":794,"stat.useItem.minecraft.stone_shovel":136,"stat.flyOneCm":426422,"stat.drop.minecraft.wheat_seeds":4,"stat.pickup.minecraft.redstone":246,"stat.mineBlock.minecraft.iron_ore":74,"stat.timeSinceDeath":36437,"stat.pickup.minecraft.mutton":17,"stat.craftItem.minecraft.stonebrick":196,"stat.pickup.minecraft.stonebrick":128,"stat.drop.minecraft.dirt":37,"stat.killEntity.Wolf":1,"stat.pickup.minecraft.iron_shovel":6,"stat.mineBlock.minecraft.coal_ore":156,"stat.pickup.minecraft.shield":3,"stat.pickup.minecraft.string":2,"stat.killEntity.Squid":1,"stat.sprintOneCm":380092,"stat.craftItem.minecraft.stick":76,"stat.useItem.minecraft.bed":4,"stat.craftItem.minecraft.stone":197,"stat.mineBlock.minecraft.crafting_table":6,"stat.mineBlock.minecraft.planks":8,"stat.drop":53,"stat.useItem.minecraft.wooden_sword":71,"stat.killEntity.Sheep":11,"stat.breakItem.minecraft.iron_shovel":3,"stat.killEntity.Zombie":3,"stat.mineBlock.minecraft.gold_ore":4,"stat.diveOneCm":30085,"stat.drop.minecraft.wooden_pickaxe":1,"stat.pickup.minecraft.gravel":3,"stat.useItem.minecraft.chicken":9,"stat.jump":3105,"stat.pickup.minecraft.coal":439,"stat.pickup.minecraft.iron_helmet":3,"stat.pickup.minecraft.iron_ingot":75,"stat.craftItem.minecraft.torch":164,"stat.pickup.minecraft.dirt":1661,"stat.craftItem.minecraft.iron_helmet":1,"stat.drop.minecraft.bed":1,"stat.useItem.minecraft.cooked_chicken":7,"stat.pickup.minecraft.iron_ore":83,"stat.pickup.minecraft.gold_ore":4,"stat.mineBlock.minecraft.lapis_ore":4,"stat.pickup.minecraft.iron_axe":3,"stat.damageTaken":2274,"stat.mineBlock.minecraft.torch":31,"stat.mineBlock.minecraft.furnace":7,"stat.mineBlock.minecraft.red_flower":1,"stat.useItem.minecraft.wooden_pickaxe":43,"stat.pickup.minecraft.bed":4,"stat.entityKilledBy.Zombie":1,"stat.damageDealt":3137,"stat.drop.minecraft.cooked_chicken":1,"stat.sleepInBed":14,"stat.useItem.minecraft.crafting_table":7,"stat.craftItem.minecraft.iron_sword":1,"stat.craftItem.minecraft.stone_shovel":1,"stat.walkOneCm":634456,"stat.useItem.minecraft.chest":2,"stat.pickup.minecraft.stick":19,"stat.breakItem.minecraft.stone_pickaxe":2,"stat.drop.minecraft.iron_chestplate":1,"stat.pickup.minecraft.stone":54,"stat.useItem.minecraft.spruce_stairs":18,"stat.craftItem.minecraft.iron_chestplate":2,"stat.killEntity.Skeleton":2,"stat.mineBlock.minecraft.stonebrick":22,"stat.killEntity.Chicken":10,"stat.drop.minecraft.crafting_table":1,"stat.killEntity.Spider":1,"stat.mobKills":30,"stat.mineBlock.minecraft.leaves":70,"stat.pickup.minecraft.torch":317,"stat.pickup.minecraft.spruce_stairs":11,"stat.mineBlock.minecraft.redstone_ore":15,"stat.craftItem.minecraft.spruce_stairs":28,"stat.mineBlock.minecraft.stone":685}