{"stat.pickup.minecraft.bone":5,"stat.useItem.minecraft.iron_axe":14,"stat.leaveGame":6,"stat.mineBlock.minecraft.pumpkin":13,"stat.mineBlock.minecraft.cobblestone":21,"stat.mineBlock.minecraft.yellow_flower":2,"stat.craftItem.minecraft.iron_axe":1,"stat.mineBlock.minecraft.brown_mushroom":1,"stat.breakItem.minecraft.wooden_sword":1,"stat.useItem.minecraft.mutton":4,"stat.swimOneCm":8624,"stat.useItem.minecraft.planks":1,"stat.craftItem.minecraft.shield":1,"stat.drop.minecraft.cobblestone":1,"stat.breakItem.minecraft.iron_pickaxe":2,"stat.useItem.minecraft.dirt":33,"stat.drop.minecraft.iron_sword":1,"stat.pickup.minecraft.rotten_flesh":3,"stat.craftItem.minecraft.furnace":1,"stat.craftItem.minecraft.iron_boots":1,"stat.craftItem.minecraft.stone_pickaxe":2,"stat.pickup.minecraft.cobblestone":455,"stat.craftItem.minecraft.stone_sword":1,"stat.flyOneCm":182907,"stat.craftItem.minecraft.iron_shovel":1,"stat.drop.minecraft.wheat_seeds":4,"stat.pickup.minecraft.redstone":54,"stat.mineBlock.minecraft.iron_ore":25,"stat.timeSinceDeath":143696,"stat.useItem.minecraft.iron_pickaxe":552,"stat.craftItem.minecraft.wooden_pickaxe":1,"stat.pickup.minecraft.mutton":15,"stat.useItem.minecraft.iron_shovel":31,"stat.pickup.minecraft.double_plant":3,"stat.craftItem.minecraft.bed":1,"stat.furnaceInteraction":46,"stat.drop.minecraft.gravel":3,"stat.drop.minecraft.dirt":15,"stat.mineBlock.minecraft.coal_ore":149,"stat.pickup.minecraft.string":1,"stat.useItem.minecraft.cooked_mutton":9,"stat.pickup.minecraft.furnace":4,"stat.killEntity.Squid":1,"stat.sprintOneCm":174921,"stat.pickup.minecraft.iron_chestplate":1,"stat.craftItem.minecraft.stick":40,"stat.useItem.minecraft.bed":3,"stat.mineBlock.minecraft.crafting_table":6,"stat.mineBlock.minecraft.planks":1,"stat.deaths":2,"stat.drop":24,"stat.playOneMinute":160076,"stat.useItem.minecraft.wooden_sword":71,"stat.killEntity.Sheep":9,"stat.craftItem.minecraft.iron_pickaxe":3,"stat.killEntity.Zombie":2,"stat.drop.minecraft.iron_ingot":9,"stat.mineBlock.minecraft.gold_ore":4,"stat.mineBlock.minecraft.tallgrass":97,"stat.craftItem.minecraft.cooked_mutton":11,"stat.diveOneCm":21485,"stat.chestOpened":3,"stat.pickup.minecraft.pumpkin":13,"stat.pickup.minecraft.spruce_door":2,"stat.useItem.minecraft.stone":3,"stat.drop.minecraft.wooden_pickaxe":1,"stat.pickup.minecraft.gravel":3,"stat.pickup.minecraft.arrow":3,"stat.pickup.minecraft.iron_sword":1,"stat.useItem.minecraft.chicken":5,"stat.jump":1556,"stat.pickup.minecraft.coal":327,"stat.pickup.minecraft.cooked_chicken":6,"stat.fallOneCm":33448,"stat.pickup.minecraft.iron_ingot":9,"stat.drop.minecraft.stone":15,"stat.drop.minecraft.stone_sword":1,"stat.crouchOneCm":2316,"stat.craftItem.minecraft.torch":68,"stat.craftItem.minecraft.iron_ingot":53,"stat.craftItem.minecraft.chest":2,"stat.pickup.minecraft.dirt":48,"stat.craftItem.minecraft.iron_helmet":1,"stat.useItem.minecraft.cooked_chicken":5,"stat.craftingTableInteraction":54,"stat.pickup.minecraft.iron_ore":34,"stat.pickup.minecraft.gold_ore":4,"stat.mineBlock.minecraft.lapis_ore":4,"stat.pickup.minecraft.wooden_pickaxe":1,"stat.damageTaken":1307,"stat.pickup.minecraft.feather":6,"stat.drop.minecraft.bone":3,"stat.mineBlock.minecraft.torch":11,"stat.mineBlock.minecraft.furnace":4,"stat.useItem.minecraft.wooden_pickaxe":43,"stat.useItem.minecraft.furnace":5,"stat.craftItem.minecraft.wooden_sword":1,"stat.pickup.minecraft.dye":28,"stat.pickup.minecraft.planks":11,"stat.pickup.minecraft.bed":2,"stat.pickup.minecraft.wheat_seeds":11,"stat.entityKilledBy.Zombie":1,"stat.mineBlock.minecraft.gravel":2,"stat.useItem.minecraft.stone_pickaxe":266,"stat.useItem.minecraft.stone_sword":25,"stat.craftItem.minecraft.iron_leggings":1,"stat.damageDealt":2345,"stat.drop.minecraft.cooked_chicken":1,"stat.sleepInBed":2,"stat.mineBlock.minecraft.dirt":56,"stat.useItem.minecraft.crafting_table":7,"stat.craftItem.minecraft.iron_sword":1,"stat.walkOneCm":239051,"stat.useItem.minecraft.torch":26,"stat.useItem.minecraft.chest":2,"stat.pickup.minecraft.stick":15,"stat.pickup.minecraft.crafting_table":7,"stat.useItem.minecraft.cobblestone":136,"stat.craftItem.minecraft.crafting_table":2,"stat.mineBlock.minecraft.double_plant":9,"stat.breakItem.minecraft.stone_pickaxe":2,"stat.pickup.minecraft.log":18,"stat.drop.minecraft.iron_chestplate":1,"stat.pickup.minecraft.stone":47,"stat.drop.minecraft.planks":2,"stat.craftItem.minecraft.iron_chestplate":2,"stat.pickup.minecraft.chicken":6,"stat.pickup.minecraft.wooden_door":1,"stat.killEntity.Skeleton":1,"stat.craftItem.minecraft.planks":72,"stat.useItem.minecraft.iron_sword":37,"stat.killEntity.Chicken":6,"stat.drop.minecraft.crafting_table":1,"stat.killEntity.Spider":1,"stat.pickup.minecraft.stone_sword":2,"stat.mobKills":21,"stat.mineBlock.minecraft.log":18,"stat.craftItem.minecraft.cooked_chicken":1,"stat.useItem.minecraft.spruce_door":5,"stat.mineBlock.minecraft.leaves":1,"stat.pickup.minecraft.torch":12,"stat.mineBlock.minecraft.redstone_ore":15,"stat.sneakTime":713,"stat.pickup.minecraft.wool":9,"stat.pickup.minecraft.yellow_flower":2,"stat.mineBlock.minecraft.stone":617,"stat.craftItem.minecraft.spruce_door":3}