{"stat.pickup.minecraft.pumpkin":13,"stat.walkOneCm":117650,"stat.craftItem.minecraft.bed":1,"stat.useItem.minecraft.torch":6,"stat.pickup.minecraft.bone":1,"stat.leaveGame":2,"stat.pickup.minecraft.gravel":1,"stat.pickup.minecraft.arrow":2,"stat.mineBlock.minecraft.pumpkin":13,"stat.pickup.minecraft.crafting_table":3,"stat.useItem.minecraft.chicken":1,"stat.craftItem.minecraft.crafting_table":1,"stat.furnaceInteraction":5,"stat.mineBlock.minecraft.yellow_flower":2,"stat.mineBlock.minecraft.double_plant":7,"stat.mineBlock.minecraft.coal_ore":60,"stat.breakItem.minecraft.stone_pickaxe":1,"stat.pickup.minecraft.log":12,"stat.breakItem.minecraft.wooden_sword":1,"stat.useItem.minecraft.mutton":4,"stat.jump":852,"stat.swimOneCm":3271,"stat.pickup.minecraft.coal":55,"stat.pickup.minecraft.cooked_chicken":5,"stat.fallOneCm":20709,"stat.useItem.minecraft.planks":1,"stat.useItem.minecraft.cooked_mutton":3,"stat.pickup.minecraft.stone":14,"stat.crouchOneCm":253,"stat.pickup.minecraft.chicken":6,"stat.craftItem.minecraft.torch":4,"stat.killEntity.Squid":1,"stat.pickup.minecraft.dirt":19,"stat.useItem.minecraft.dirt":19,"stat.sprintOneCm":111020,"stat.pickup.minecraft.wooden_door":1,"stat.craftItem.minecraft.stick":12,"stat.craftingTableInteraction":28,"stat.pickup.minecraft.iron_ore":4,"stat.craftItem.minecraft.furnace":1,"stat.useItem.minecraft.bed":2,"stat.craftItem.minecraft.planks":32,"stat.killEntity.Chicken":6,"stat.damageTaken":670,"stat.mineBlock.minecraft.crafting_table":2,"stat.pickup.minecraft.feather":6,"stat.craftItem.minecraft.stone_pickaxe":2,"stat.mineBlock.minecraft.torch":3,"stat.useItem.minecraft.wooden_pickaxe":32,"stat.useItem.minecraft.furnace":1,"stat.mobKills":13,"stat.pickup.minecraft.cobblestone":155,"stat.craftItem.minecraft.wooden_sword":1,"stat.mineBlock.minecraft.log":12,"stat.pickup.minecraft.dye":1,"stat.pickup.minecraft.planks":6,"stat.flyOneCm":130689,"stat.pickup.minecraft.bed":2,"stat.mineBlock.minecraft.planks":1,"stat.deaths":2,"stat.pickup.minecraft.wheat_seeds":7,"stat.playOneMinute":55786,"stat.entityKilledBy.Zombie":1,"stat.useItem.minecraft.wooden_sword":71,"stat.pickup.minecraft.torch":3,"stat.mineBlock.minecraft.gravel":1,"stat.killEntity.Sheep":5,"stat.useItem.minecraft.stone_pickaxe":218,"stat.sneakTime":276,"stat.pickup.minecraft.wool":5,"stat.damageDealt":1203,"stat.mineBlock.minecraft.iron_ore":4,"stat.killEntity.Zombie":1,"stat.sleepInBed":1,"stat.timeSinceDeath":39406,"stat.pickup.minecraft.yellow_flower":2,"stat.mineBlock.minecraft.dirt":19,"stat.useItem.minecraft.crafting_table":3,"stat.craftItem.minecraft.wooden_pickaxe":1,"stat.mineBlock.minecraft.stone":173,"stat.mineBlock.minecraft.tallgrass":87,"stat.craftItem.minecraft.cooked_mutton":3,"stat.diveOneCm":1179,"stat.pickup.minecraft.mutton":9}