{"stat.pickup.minecraft.pumpkin":13,"stat.walkOneCm":96684,"stat.craftItem.minecraft.bed":1,"stat.useItem.minecraft.torch":4,"stat.leaveGame":2,"stat.pickup.minecraft.gravel":1,"stat.mineBlock.minecraft.pumpkin":13,"stat.pickup.minecraft.crafting_table":2,"stat.useItem.minecraft.chicken":1,"stat.craftItem.minecraft.crafting_table":1,"stat.furnaceInteraction":4,"stat.mineBlock.minecraft.yellow_flower":2,"stat.mineBlock.minecraft.double_plant":6,"stat.mineBlock.minecraft.coal_ore":6,"stat.pickup.minecraft.log":12,"stat.useItem.minecraft.mutton":4,"stat.jump":678,"stat.swimOneCm":1503,"stat.pickup.minecraft.coal":6,"stat.fallOneCm":14946,"stat.useItem.minecraft.planks":1,"stat.useItem.minecraft.cooked_mutton":2,"stat.pickup.minecraft.stone":12,"stat.crouchOneCm":197,"stat.pickup.minecraft.chicken":1,"stat.craftItem.minecraft.torch":4,"stat.pickup.minecraft.dirt":19,"stat.useItem.minecraft.dirt":19,"stat.sprintOneCm":84330,"stat.craftItem.minecraft.stick":12,"stat.craftingTableInteraction":24,"stat.useItem.minecraft.bed":2,"stat.craftItem.minecraft.planks":32,"stat.killEntity.Chicken":1,"stat.damageTaken":520,"stat.mineBlock.minecraft.crafting_table":2,"stat.craftItem.minecraft.stone_pickaxe":2,"stat.mineBlock.minecraft.torch":1,"stat.useItem.minecraft.wooden_pickaxe":30,"stat.mobKills":6,"stat.pickup.minecraft.cobblestone":53,"stat.craftItem.minecraft.wooden_sword":1,"stat.mineBlock.minecraft.log":12,"stat.pickup.minecraft.planks":6,"stat.flyOneCm":91991,"stat.pickup.minecraft.bed":2,"stat.mineBlock.minecraft.planks":1,"stat.deaths":2,"stat.pickup.minecraft.wheat_seeds":7,"stat.playOneMinute":43786,"stat.entityKilledBy.Zombie":1,"stat.useItem.minecraft.wooden_sword":28,"stat.pickup.minecraft.torch":1,"stat.mineBlock.minecraft.gravel":1,"stat.killEntity.Sheep":4,"stat.useItem.minecraft.stone_pickaxe":54,"stat.sneakTime":269,"stat.pickup.minecraft.wool":4,"stat.damageDealt":724,"stat.killEntity.Zombie":1,"stat.sleepInBed":1,"stat.timeSinceDeath":27406,"stat.pickup.minecraft.yellow_flower":2,"stat.mineBlock.minecraft.dirt":19,"stat.useItem.minecraft.crafting_table":2,"stat.craftItem.minecraft.wooden_pickaxe":1,"stat.mineBlock.minecraft.stone":66,"stat.mineBlock.minecraft.tallgrass":81,"stat.craftItem.minecraft.cooked_mutton":3,"stat.diveOneCm":622,"stat.pickup.minecraft.mutton":7}