{"stat.pickup.minecraft.pumpkin":13,"stat.walkOneCm":34302,"stat.craftItem.minecraft.planks":20,"stat.leaveGame":2,"stat.mineBlock.minecraft.pumpkin":13,"stat.pickup.minecraft.crafting_table":1,"stat.damageTaken":450,"stat.mineBlock.minecraft.crafting_table":1,"stat.mineBlock.minecraft.yellow_flower":2,"stat.mineBlock.minecraft.double_plant":2,"stat.mineBlock.minecraft.log":5,"stat.pickup.minecraft.planks":6,"stat.pickup.minecraft.log":5,"stat.flyOneCm":24061,"stat.mineBlock.minecraft.planks":1,"stat.deaths":2,"stat.pickup.minecraft.wheat_seeds":3,"stat.jump":231,"stat.playOneMinute":19786,"stat.fallOneCm":5953,"stat.useItem.minecraft.planks":1,"stat.entityKilledBy.Zombie":1,"stat.sneakTime":236,"stat.damageDealt":214,"stat.crouchOneCm":64,"stat.timeSinceDeath":3406,"stat.pickup.minecraft.yellow_flower":2,"stat.sprintOneCm":31718,"stat.mineBlock.minecraft.tallgrass":21,"stat.craftItem.minecraft.stick":4,"stat.craftingTableInteraction":13}