{"stat.walkOneCm":3111,"stat.craftItem.minecraft.planks":12,"stat.killEntity.Chicken":1,"stat.leaveGame":1,"stat.mineBlock.minecraft.log2":3,"stat.pickup.minecraft.feather":2,"stat.damageTaken":10,"stat.mineBlock.minecraft.double_plant":1,"stat.mobKills":1,"stat.pickup.minecraft.log2":3,"stat.flyOneCm":20370,"stat.pickup.minecraft.wheat_seeds":2,"stat.drop":1,"stat.jump":87,"stat.swimOneCm":794,"stat.playOneMinute":4074,"stat.drop.minecraft.wheat_seeds":1,"stat.fallOneCm":1591,"stat.damageDealt":40,"stat.pickup.minecraft.chicken":1,"stat.timeSinceDeath":4074,"stat.sprintOneCm":9081,"stat.mineBlock.minecraft.tallgrass":10,"stat.diveOneCm":297}