{"stat.walkOneCm":9104,"stat.leaveGame":5,"stat.mineBlock.minecraft.double_plant":1,"stat.jump":136,"stat.swimOneCm":794,"stat.fallOneCm":2845,"stat.pickup.minecraft.chicken":3,"stat.sprintOneCm":14419,"stat.craftItem.minecraft.planks":12,"stat.killEntity.Chicken":3,"stat.mineBlock.minecraft.log2":3,"stat.pickup.minecraft.feather":5,"stat.damageTaken":10,"stat.mobKills":3,"stat.pickup.minecraft.log2":3,"stat.flyOneCm":39126,"stat.pickup.minecraft.wheat_seeds":3,"stat.drop":1,"stat.playOneMinute":8453,"stat.drop.minecraft.wheat_seeds":1,"stat.sneakTime":16,"stat.damageDealt":120,"stat.timeSinceDeath":8453,"stat.mineBlock.minecraft.tallgrass":24,"stat.diveOneCm":297}