{"stat.walkOneCm":6161,"stat.leaveGame":3,"stat.mineBlock.minecraft.double_plant":1,"stat.jump":113,"stat.swimOneCm":794,"stat.fallOneCm":2427,"stat.pickup.minecraft.chicken":2,"stat.sprintOneCm":12776,"stat.craftItem.minecraft.planks":12,"stat.killEntity.Chicken":2,"stat.mineBlock.minecraft.log2":3,"stat.pickup.minecraft.feather":4,"stat.damageTaken":10,"stat.mobKills":2,"stat.pickup.minecraft.log2":3,"stat.flyOneCm":24804,"stat.pickup.minecraft.wheat_seeds":3,"stat.drop":1,"stat.playOneMinute":6018,"stat.drop.minecraft.wheat_seeds":1,"stat.damageDealt":80,"stat.timeSinceDeath":6018,"stat.mineBlock.minecraft.tallgrass":11,"stat.diveOneCm":297}